{
  "project_info": {
    "project_number": "548781604480",
    "project_id": "eslabon-app",
    "storage_bucket": "eslabon-app.firebasestorage.app"
  },
  "client": [
    {
      "client_info": {
        "mobilesdk_app_id": "1:548781604480:android:91fd1f50679905ea96f065",
        "android_client_info": {
          "package_name": "com.example.eslabon_flutter"
        }
      },
      "oauth_client": [],
      "api_key": [
        {
          "current_key": "AIzaSyDwkbo70gthTE7Dqr2Fyf8q9Dj3HhcxCR0"
        }
      ],
      "services": {
        "appinvite_service": {
          "other_platform_oauth_client": []
        }
      }
    }
  ],
  "configuration_version": "1"
}