{
  "AD": [
    "Canillo",
    "Encamp",
    "La Massana",
    "Ordino",
    "Sant Julià de Lòria",
    "Andorra la Vella",
    "Escaldes-Engordany"
  ],
  "AE": [
    "'Ajmān",
    "Abū Ȥaby [Abu Dhabi]",
    "Dubayy",
    "Al Fujayrah",
    "Ra’s al Khaymah",
    "Ash Shāriqah",
    "Umm al Qaywayn"
  ],
  "AF": [
    "Balkh",
    "Bāmyān",
    "Bādghīs",
    "Badakhshān",
    "Baghlān",
    "Dāykundī",
    "Farāh",
    "Fāryāb",
    "Ghaznī",
    "Ghōr",
    "Helmand",
    "Herāt",
    "Jowzjān",
    "Kābul",
    "Kandahār",
    "Kāpīsā",
    "Kunduz",
    "Khōst",
    "Kunar",
    "Laghmān",
    "Lōgar",
    "Nangarhār",
    "Nīmrōz",
    "Nūristān",
    "Panjshayr",
    "Parwān",
    "Paktiyā",
    "Paktīkā",
    "Samangān",
    "Sar-e Pul",
    "Takhār",
    "Uruzgān",
    "Wardak",
    "Zābul"
  ],
  "AG": [
    "Saint George",
    "Saint John",
    "Saint Mary",
    "Saint Paul",
    "Saint Peter",
    "Saint Philip",
    "Barbuda",
    "Redonda"
  ],
  "AL": [
    "Berat",
    "Durrës",
    "Elbasan",
    "Fier",
    "Gjirokastër",
    "Korçë",
    "Kukës",
    "Lezhë",
    "Dibër",
    "Shkodër",
    "Tiranë",
    "Vlorë",
    "Bulqizë",
    "Delvinë",
    "Devoll",
    "Kolonjë",
    "Gramsh",
    "Has",
    "Kavajë",
    "Kurbin",
    "Kuçovë",
    "Krujë",
    "Librazhd",
    "Lushnjë",
    "Mallakastër",
    "Malësi e Madhe",
    "Mirditë",
    "Mat",
    "Pogradec",
    "Peqin",
    "Përmet",
    "Pukë",
    "Skrapar",
    "Sarandë",
    "Tepelenë",
    "Tropojë"
  ],
  "AM": [
    "Aragacotn",
    "Ararat",
    "Armavir",
    "Erevan",
    "Gegarkunik'",
    "Kotayk'",
    "Lory",
    "Sirak",
    "Syunik'",
    "Tavus",
    "Vayoc Jor"
  ],
  "AO": [
    "Bengo",
    "Benguela",
    "Bié",
    "Cabinda",
    "Cuando-Cubango",
    "Cunene",
    "Cuanza Norte",
    "Cuanza Sul",
    "Huambo",
    "Huíla",
    "Lunda Norte",
    "Lunda Sul",
    "Luanda",
    "Malange",
    "Moxico",
    "Namibe",
    "Uíge",
    "Zaire"
  ],
  "AR": [
    "Salta",
    "Buenos Aires",
    "Ciudad Autónoma de Buenos Aires",
    "San Luis",
    "Entre Rios",
    "Santiago del Estero",
    "Chaco",
    "San Juan",
    "Catamarca",
    "La Pampa",
    "Mendoza",
    "Misiones",
    "Formosa",
    "Neuquen",
    "Rio Negro",
    "Santa Fe",
    "Tucuman",
    "Chubut",
    "Tierra del Fuego",
    "Corrientes",
    "Cordoba",
    "Jujuy",
    "Santa Cruz"
  ],
  "AT": [
    "Burgenland",
    "Kärnten",
    "Niederösterreich",
    "Oberösterreich",
    "Salzburg",
    "Steiermark",
    "Tirol",
    "Vorarlberg",
    "Wien"
  ],
  "AU": [
    "Australian Capital Territory",
    "New South Wales",
    "Northern Territory",
    "Queensland",
    "South Australia",
    "Tasmania",
    "Victoria",
    "Western Australia"
  ],
  "AZ": [
    "Abşeron",
    "Ağstafa",
    "Ağcabədi",
    "Ağdam",
    "Ağdaş",
    "Ağsu",
    "Astara",
    "Bakı",
    "Babək",
    "Balakən",
    "Bərdə",
    "Beyləqan",
    "Biləsuvar",
    "Cəbrayıl",
    "Cəlilabab",
    "Culfa",
    "Daşkəsən",
    "Füzuli",
    "Gəncə",
    "Gədəbəy",
    "Goranboy",
    "Göyçay",
    "Göygöl",
    "Hacıqabul",
    "İmişli",
    "İsmayıllı",
    "Kəlbəcər",
    "Kǝngǝrli",
    "Kürdəmir",
    "Lənkəran",
    "Laçın",
    "Lerik",
    "Masallı",
    "Mingəçevir",
    "Naftalan",
    "Neftçala",
    "Naxçıvan",
    "Oğuz",
    "Ordubad",
    "Qəbələ",
    "Qax",
    "Qazax",
    "Quba",
    "Qubadlı",
    "Qobustan",
    "Qusar",
    "Şəki",
    "Sabirabad",
    "Sədərək",
    "Şahbuz",
    "Salyan",
    "Şərur",
    "Saatlı",
    "Şabran",
    "Siyəzən",
    "Şəmkir",
    "Sumqayıt",
    "Şamaxı",
    "Samux",
    "Şirvan",
    "Şuşa",
    "Tərtər",
    "Tovuz",
    "Ucar",
    "Xankəndi",
    "Xaçmaz",
    "Xocalı",
    "Xızı",
    "Xocavənd",
    "Yardımlı",
    "Yevlax",
    "Zəngilan",
    "Zaqatala",
    "Zərdab"
  ],
  "BA": [
    "Unsko-sanski kanton",
    "Posavski kanton",
    "Tuzlanski kanton",
    "Zeničko-dobojski kanton",
    "Bosansko-podrinjski kanton",
    "Srednjobosanski kanton",
    "Hercegovačko-neretvanski kanton",
    "Zapadnohercegovački kanton",
    "Kanton Sarajevo",
    "Kanton br. 10 (Livanjski kanton)",
    "Federacija Bosne i Hercegovine",
    "Brčko distrikt",
    "Republika Srpska"
  ],
  "BB": [
    "Christ Church",
    "Saint Andrew",
    "Saint George",
    "Saint James",
    "Saint John",
    "Saint Joseph",
    "Saint Lucy",
    "Saint Michael",
    "Saint Peter",
    "Saint Philip",
    "Saint Thomas"
  ],
  "BD": [
    "Bandarban",
    "Barguna",
    "Bogra",
    "Brahmanbaria",
    "Bagerhat",
    "Barisal",
    "Bhola",
    "Comilla",
    "Chandpur",
    "Chittagong",
    "Cox's Bazar",
    "Chuadanga",
    "Dhaka",
    "Dinajpur",
    "Faridpur",
    "Feni",
    "Gopalganj",
    "Gazipur",
    "Gaibandha",
    "Habiganj",
    "Jamalpur",
    "Jessore",
    "Jhenaidah",
    "Jaipurhat",
    "Jhalakati",
    "Kishorganj",
    "Khulna",
    "Kurigram",
    "Khagrachari",
    "Kushtia",
    "Lakshmipur",
    "Lalmonirhat",
    "Manikganj",
    "Mymensingh",
    "Munshiganj",
    "Madaripur",
    "Magura",
    "Moulvibazar",
    "Meherpur",
    "Narayanganj",
    "Netrakona",
    "Narsingdi",
    "Narail",
    "Natore",
    "Nawabganj",
    "Nilphamari",
    "Noakhali",
    "Naogaon",
    "Pabna",
    "Pirojpur",
    "Patuakhali",
    "Panchagarh",
    "Rajbari",
    "Rajshahi",
    "Rangpur",
    "Rangamati",
    "Sherpur",
    "Satkhira",
    "Sirajganj",
    "Sylhet",
    "Sunamganj",
    "Shariatpur",
    "Tangail",
    "Thakurgaon"
  ],
  "BE": [
    "Bruxelles-Capitale, Région de;Brussels Hoofdstedelijk Gewest",
    "Antwerpen",
    "Vlaams-Brabant",
    "Vlaams Gewest",
    "Limburg",
    "Oost-Vlaanderen",
    "West-Vlaanderen",
    "wallonne, Région",
    "Brabant wallon",
    "Hainaut",
    "Liège",
    "Luxembourg",
    "Namur"
  ],
  "BF": [
    "Boucle du Mouhoun",
    "Cascades",
    "Centre",
    "Centre-Est",
    "Centre-Nord",
    "Centre-Ouest",
    "Centre-Sud",
    "Est",
    "Hauts-Bassins",
    "Nord",
    "Plateau-Central",
    "Sahel",
    "Sud-Ouest",
    "Balé",
    "Bam",
    "Banwa",
    "Bazèga",
    "Bougouriba",
    "Boulgou",
    "Boulkiemdé",
    "Comoé",
    "Ganzourgou",
    "Gnagna",
    "Gourma",
    "Houet",
    "Ioba",
    "Kadiogo",
    "Kénédougou",
    "Komondjari",
    "Kompienga",
    "Koulpélogo",
    "Kossi",
    "Kouritenga",
    "Kourwéogo",
    "Léraba",
    "Loroum",
    "Mouhoun",
    "Namentenga",
    "Naouri",
    "Nayala",
    "Noumbiel",
    "Oubritenga",
    "Oudalan",
    "Passoré",
    "Poni",
    "Séno",
    "Sissili",
    "Sanmatenga",
    "Sanguié",
    "Soum",
    "Sourou",
    "Tapoa",
    "Tui",
    "Yagha",
    "Yatenga",
    "Ziro",
    "Zondoma",
    "Zoundwéogo"
  ],
  "BG": [
    "Blagoevgrad",
    "Burgas",
    "Varna",
    "Veliko Tarnovo",
    "Vidin",
    "Vratsa",
    "Gabrovo",
    "Dobrich",
    "Kardzhali",
    "Kyustendil",
    "Lovech",
    "Montana",
    "Pazardzhik",
    "Pernik",
    "Pleven",
    "Plovdiv",
    "Razgrad",
    "Ruse",
    "Silistra",
    "Sliven",
    "Smolyan",
    "Sofia-Grad",
    "Sofia",
    "Stara Zagora",
    "Targovishte",
    "Haskovo",
    "Shumen",
    "Yambol"
  ],
  "BH": [
    "Al Manāmah (Al ‘Āşimah)",
    "Al Janūbīyah",
    "Al Muḩarraq",
    "Al Wusţá",
    "Ash Shamālīyah"
  ],
  "BI": [
    "Bubanza",
    "Bujumbura Rural",
    "Bujumbura Mairie",
    "Bururi",
    "Cankuzo",
    "Cibitoke",
    "Gitega",
    "Kirundo",
    "Karuzi",
    "Kayanza",
    "Makamba",
    "Muramvya",
    "Mwaro",
    "Ngozi",
    "Rutana",
    "Ruyigi"
  ],
  "BJ": [
    "Atakora",
    "Alibori",
    "Atlantique",
    "Borgou",
    "Collines",
    "Donga",
    "Kouffo",
    "Littoral",
    "Mono",
    "Ouémé",
    "Plateau",
    "Zou"
  ],
  "BN": [
    "Belait",
    "Brunei-Muara",
    "Temburong",
    "Tutong"
  ],
  "BO": [
    "El Beni",
    "Cochabamba",
    "Chuquisaca",
    "La Paz",
    "Pando",
    "Oruro",
    "Potosí",
    "Santa Cruz",
    "Tarija"
  ],
  "BQ": [
    "Bonaire",
    "Saba",
    "Sint Eustatius"
  ],
  "BR": [
    "Acre",
    "Alagoas",
    "Amazonas",
    "Amapá",
    "Bahia",
    "Ceará",
    "Distrito Federal",
    "Espírito Santo",
    "Fernando de Noronha",
    "Goiás",
    "Maranhão",
    "Minas Gerais",
    "Mato Grosso do Sul",
    "Mato Grosso",
    "Pará",
    "Paraíba",
    "Pernambuco",
    "Piauí",
    "Paraná",
    "Rio de Janeiro",
    "Rio Grande do Norte",
    "Rondônia",
    "Roraima",
    "Rio Grande do Sul",
    "Santa Catarina",
    "Sergipe",
    "São Paulo",
    "Tocantins"
  ],
  "BS": [
    "Acklins",
    "Bimini",
    "Black Point",
    "Berry Islands",
    "Central Eleuthera",
    "Cat Island",
    "Crooked Island and Long Cay",
    "Central Abaco",
    "Central Andros",
    "East Grand Bahama",
    "Exuma",
    "City of Freeport",
    "Grand Cay",
    "Harbour Island",
    "Hope Town",
    "Inagua",
    "Long Island",
    "Mangrove Cay",
    "Mayaguana",
    "Moore's Island",
    "North Eleuthera",
    "North Abaco",
    "North Andros",
    "Rum Cay",
    "Ragged Island",
    "South Andros",
    "South Eleuthera",
    "South Abaco",
    "San Salvador",
    "Spanish Wells",
    "West Grand Bahama"
  ],
  "BT": [
    "Paro",
    "Chhukha",
    "Ha",
    "Samtee",
    "Thimphu",
    "Tsirang",
    "Dagana",
    "Punakha",
    "Wangdue Phodrang",
    "Sarpang",
    "Trongsa",
    "Bumthang",
    "Zhemgang",
    "Trashigang",
    "Monggar",
    "Pemagatshel",
    "Lhuentse",
    "Samdrup Jongkha",
    "Gasa",
    "Trashi Yangtse"
  ],
  "BW": [
    "Central",
    "Ghanzi",
    "Kgalagadi",
    "Kgatleng",
    "Kweneng",
    "North-East",
    "North-West",
    "South-East",
    "Southern"
  ],
  "BY": [
    "Bresckaja voblasć",
    "Horad Minsk",
    "Homieĺskaja voblasć",
    "Hrodzienskaja voblasć",
    "Mahilioŭskaja voblasć",
    "Minskaja voblasć",
    "Viciebskaja voblasć"
  ],
  "BZ": [
    "Belize",
    "Cayo",
    "Corozal",
    "Orange Walk",
    "Stann Creek",
    "Toledo"
  ],
  "CA": [
    "Alberta",
    "British Columbia",
    "Manitoba",
    "New Brunswick",
    "Newfoundland and Labrador",
    "Nova Scotia",
    "Northwest Territories",
    "Nunavut",
    "Ontario",
    "Prince Edward Island",
    "Quebec",
    "Saskatchewan",
    "Yukon Territory"
  ],
  "CD": [
    "Bas-Congo",
    "Bandundu",
    "Équateur",
    "Katanga",
    "Kasai-Oriental",
    "Kinshasa",
    "Kasai-Occidental",
    "Maniema",
    "Nord-Kivu",
    "Orientale",
    "Sud-Kivu"
  ],
  "CF": [
    "Ouham",
    "Bamingui-Bangoran",
    "Bangui",
    "Basse-Kotto",
    "Haute-Kotto",
    "Haut-Mbomou",
    "Haute-Sangha / Mambéré-Kadéï",
    "Gribingui",
    "Kémo-Gribingui",
    "Lobaye",
    "Mbomou",
    "Ombella-M'poko",
    "Nana-Mambéré",
    "Ouham-Pendé",
    "Sangha",
    "Ouaka",
    "Vakaga"
  ],
  "CG": [
    "Bouenza",
    "Pool",
    "Sangha",
    "Plateaux",
    "Cuvette-Ouest",
    "Lékoumou",
    "Kouilou",
    "Likouala",
    "Cuvette",
    "Niari",
    "Brazzaville"
  ],
  "CH": [
    "Aargau",
    "Appenzell Innerrhoden",
    "Appenzell Ausserrhoden",
    "Bern",
    "Basel-Landschaft",
    "Basel-Stadt",
    "Fribourg",
    "Genève",
    "Glarus",
    "Graubünden",
    "Jura",
    "Luzern",
    "Neuchâtel",
    "Nidwalden",
    "Obwalden",
    "Sankt Gallen",
    "Schaffhausen",
    "Solothurn",
    "Schwyz",
    "Thurgau",
    "Ticino",
    "Uri",
    "Vaud",
    "Valais",
    "Zug",
    "Zürich"
  ],
  "CI": [
    "Lagunes (Région des)",
    "Haut-Sassandra (Région du)",
    "Savanes (Région des)",
    "Vallée du Bandama (Région de la)",
    "Moyen-Comoé (Région du)",
    "18 Montagnes (Région des)",
    "Lacs (Région des)",
    "Zanzan (Région du)",
    "Bas-Sassandra (Région du)",
    "Denguélé (Région du)",
    "Nzi-Comoé (Région)",
    "Marahoué (Région de la)",
    "Sud-Comoé (Région du)",
    "Worodouqou (Région du)",
    "Sud-Bandama (Région du)",
    "Agnébi (Région de l')",
    "Bafing (Région du)",
    "Fromager (Région du)",
    "Moyen-Cavally (Région du)"
  ],
  "CL": [
    "Aisén del General Carlos Ibáñez del Campo",
    "Antofagasta",
    "Arica y Parinacota",
    "Araucanía",
    "Atacama",
    "Bío-Bío",
    "Coquimbo",
    "Libertador General Bernardo O'Higgins",
    "Los Lagos",
    "Los Ríos",
    "Magallanes y Antártica Chilena",
    "Maule",
    "Región Metropolitana de Santiago",
    "Tarapacá",
    "Valparaíso"
  ],
  "CM": [
    "Adamaoua",
    "Centre",
    "Far North",
    "East",
    "Littoral",
    "North",
    "North-West (Cameroon)",
    "West",
    "South",
    "South-West"
  ],
  "CN": [
    "Anhui Sheng",
    "Beijing Shi",
    "Chongqing Shi",
    "Fujian Sheng",
    "Guangdong Sheng",
    "Gansu Sheng",
    "Guangxi Zhuangzu Zizhiqu",
    "Guizhou Sheng",
    "Henan Sheng",
    "Hubei Sheng",
    "Hebei Sheng",
    "Hainan Sheng",
    "Hong Kong SAR (see also separate country code entry under HK)",
    "Heilongjiang Sheng",
    "Hunan Sheng",
    "Jilin Sheng",
    "Jiangsu Sheng",
    "Jiangxi Sheng",
    "Liaoning Sheng",
    "Macao SAR (see also separate country code entry under MO)",
    "Nei Mongol Zizhiqu",
    "Ningxia Huizi Zizhiqu",
    "Qinghai Sheng",
    "Sichuan Sheng",
    "Shandong Sheng",
    "Shanghai Shi",
    "Shaanxi Sheng",
    "Shanxi Sheng",
    "Tianjin Shi",
    "Taiwan Sheng (see also separate country code entry under TW)",
    "Xinjiang Uygur Zizhiqu",
    "Xizang Zizhiqu",
    "Yunnan Sheng",
    "Zhejiang Sheng"
  ],
  "CO": [
    "Amazonas",
    "Antioquia",
    "Arauca",
    "Atlántico",
    "Bolívar",
    "Boyacá",
    "Caldas",
    "Caquetá",
    "Casanare",
    "Cauca",
    "Cesar",
    "Chocó",
    "Córdoba",
    "Cundinamarca",
    "Distrito Capital de Bogotá",
    "Guainía",
    "Guaviare",
    "Huila",
    "La Guajira",
    "Magdalena",
    "Meta",
    "Nariño",
    "Norte de Santander",
    "Putumayo",
    "Quindío",
    "Risaralda",
    "Santander",
    "San Andrés, Providencia y Santa Catalina",
    "Sucre",
    "Tolima",
    "Valle del Cauca",
    "Vaupés",
    "Vichada"
  ],
  "CR": [
    "Alajuela",
    "Cartago",
    "Guanacaste",
    "Heredia",
    "Limón",
    "Puntarenas",
    "San José"
  ],
  "CU": [
    "Pinar del Rio",
    "La Habana",
    "Ciudad de La Habana",
    "Matanzas",
    "Villa Clara",
    "Cienfuegos",
    "Sancti Spíritus",
    "Ciego de Ávila",
    "Camagüey",
    "Las Tunas",
    "Holguín",
    "Granma",
    "Santiago de Cuba",
    "Guantánamo",
    "Isla de la Juventud"
  ],
  "CV": [
    "Ilhas de Barlavento",
    "Brava",
    "Boa Vista",
    "Santa Catarina",
    "Santa Catarina de Fogo",
    "Santa Cruz",
    "Maio",
    "Mosteiros",
    "Paul",
    "Porto Novo",
    "Praia",
    "Ribeira Brava",
    "Ribeira Grande",
    "Ribeira Grande de Santiago",
    "Ilhas de Sotavento",
    "São Domingos",
    "São Filipe",
    "Sal",
    "São Miguel",
    "São Lourenço dos Órgãos",
    "São Salvador do Mundo",
    "São Vicente",
    "Tarrafal",
    "Tarrafal de São Nicolau"
  ],
  "CY": [
    "Lefkosía",
    "Lemesós",
    "Lárnaka",
    "Ammóchostos",
    "Páfos",
    "Kerýneia"
  ],
  "CZ": [
    "Praha, Hlavní mešto",
    "Praha 1",
    "Praha 2",
    "Praha 3",
    "Praha 4",
    "Praha 5",
    "Praha 6",
    "Praha 7",
    "Praha 8",
    "Praha 9",
    "Praha 10",
    "Praha 11",
    "Praha 12",
    "Praha 13",
    "Praha 14",
    "Praha 15",
    "Praha 16",
    "Praha 17",
    "Praha 18",
    "Praha 19",
    "Praha 20",
    "Praha 21",
    "Praha 22",
    "Středočeský kraj",
    "Benešov",
    "Beroun",
    "Kladno",
    "Kolín",
    "Kutná Hora",
    "Mělník",
    "Mladá Boleslav",
    "Nymburk",
    "Praha-východ",
    "Praha-západ",
    "Příbram",
    "Rakovník",
    "Jihočeský kraj",
    "České Budějovice",
    "Český Krumlov",
    "Jindřichův Hradec",
    "Písek",
    "Prachatice",
    "Strakonice",
    "Tábor",
    "Plzeňský kraj",
    "Domažlice",
    "Klatovy",
    "Plzeň-město",
    "Plzeň-jih",
    "Plzeň-sever",
    "Rokycany",
    "Tachov",
    "Karlovarský kraj",
    "Cheb",
    "Karlovy Vary",
    "Sokolov",
    "Ústecký kraj",
    "Děčín",
    "Chomutov",
    "Litoměřice",
    "Louny",
    "Most",
    "Teplice",
    "Ústí nad Labem",
    "Liberecký kraj",
    "Česká Lípa",
    "Jablonec nad Nisou",
    "Liberec",
    "Semily",
    "Královéhradecký kraj",
    "Hradec Králové",
    "Jičín",
    "Náchod",
    "Rychnov nad Kněžnou",
    "Trutnov",
    "Pardubický kraj",
    "Chrudim",
    "Pardubice",
    "Svitavy",
    "Ústí nad Orlicí",
    "Kraj Vysočina",
    "Havlíčkův Brod",
    "Jihlava",
    "Pelhřimov",
    "Třebíč",
    "Žďár nad Sázavou",
    "Jihomoravský kraj",
    "Blansko",
    "Brno-město",
    "Brno-venkov",
    "Břeclav",
    "Hodonín",
    "Vyškov",
    "Znojmo",
    "Olomoucký kraj",
    "Jeseník",
    "Olomouc",
    "Prostějov",
    "Přerov",
    "Šumperk",
    "Zlínský kraj",
    "Kroměříž",
    "Uherské Hradiště",
    "Vsetín",
    "Zlín",
    "Moravskoslezský kraj",
    "Bruntál",
    "Frýdek Místek",
    "Karviná",
    "Nový Jičín",
    "Opava",
    "Ostrava-město"
  ],
  "DE": [
    "Brandenburg",
    "Berlin",
    "Baden-Württemberg",
    "Bayern",
    "Bremen",
    "Hessen",
    "Hamburg",
    "Mecklenburg-Vorpommern",
    "Niedersachsen",
    "Nordrhein-Westfalen",
    "Rheinland-Pfalz",
    "Schleswig-Holstein",
    "Saarland",
    "Sachsen",
    "Sachsen-Anhalt",
    "Thüringen"
  ],
  "DJ": [
    "Arta",
    "Ali Sabieh",
    "Dikhil",
    "Djibouti",
    "Obock",
    "Tadjourah"
  ],
  "DK": [
    "Nordjylland",
    "Midtjylland",
    "Syddanmark",
    "Hovedstaden",
    "Sjælland"
  ],
  "DM": [
    "Saint Peter",
    "Saint Andrew",
    "Saint David",
    "Saint George",
    "Saint John",
    "Saint Joseph",
    "Saint Luke",
    "Saint Mark",
    "Saint Patrick",
    "Saint Paul"
  ],
  "DO": [
    "Distrito Nacional (Santo Domingo)",
    "Azua",
    "Bahoruco",
    "Barahona",
    "Dajabón",
    "Duarte",
    "La Estrelleta [Elías Piña]",
    "El Seybo [El Seibo]",
    "Espaillat",
    "Independencia",
    "La Altagracia",
    "La Romana",
    "La Vega",
    "María Trinidad Sánchez",
    "Monte Cristi",
    "Pedernales",
    "Peravia",
    "Puerto Plata",
    "Salcedo",
    "Samaná",
    "San Cristóbal",
    "San Juan",
    "San Pedro de Macorís",
    "Sánchez Ramírez",
    "Santiago",
    "Santiago Rodríguez",
    "Valverde",
    "Monseñor Nouel",
    "Monte Plata",
    "Hato Mayor"
  ],
  "DZ": [
    "Adrar",
    "Chlef",
    "Laghouat",
    "Oum el Bouaghi",
    "Batna",
    "Béjaïa",
    "Biskra",
    "Béchar",
    "Blida",
    "Bouira",
    "Tamanghasset",
    "Tébessa",
    "Tlemcen",
    "Tiaret",
    "Tizi Ouzou",
    "Alger",
    "Djelfa",
    "Jijel",
    "Sétif",
    "Saïda",
    "Skikda",
    "Sidi Bel Abbès",
    "Annaba",
    "Guelma",
    "Constantine",
    "Médéa",
    "Mostaganem",
    "Msila",
    "Mascara",
    "Ouargla",
    "Oran",
    "El Bayadh",
    "Illizi",
    "Bordj Bou Arréridj",
    "Boumerdès",
    "El Tarf",
    "Tindouf",
    "Tissemsilt",
    "El Oued",
    "Khenchela",
    "Souk Ahras",
    "Tipaza",
    "Mila",
    "Aïn Defla",
    "Naama",
    "Aïn Témouchent",
    "Ghardaïa",
    "Relizane"
  ],
  "EC": [
    "Azuay",
    "Bolívar",
    "Carchi",
    "Orellana",
    "Esmeraldas",
    "Cañar",
    "Guayas",
    "Chimborazo",
    "Imbabura",
    "Loja",
    "Manabí",
    "Napo",
    "El Oro",
    "Pichincha",
    "Los Ríos",
    "Morona-Santiago",
    "Santo Domingo de los Tsáchilas",
    "Santa Elena",
    "Tungurahua",
    "Sucumbíos",
    "Galápagos",
    "Cotopaxi",
    "Pastaza",
    "Zamora-Chinchipe"
  ],
  "EE": [
    "Harjumaa",
    "Hiiumaa",
    "Ida-Virumaa",
    "Jõgevamaa",
    "Järvamaa",
    "Läänemaa",
    "Lääne-Virumaa",
    "Põlvamaa",
    "Pärnumaa",
    "Raplamaa",
    "Saaremaa",
    "Tartumaa",
    "Valgamaa",
    "Viljandimaa",
    "Võrumaa"
  ],
  "EG": [
    "Al Iskandarīyah",
    "Aswān",
    "Asyūt",
    "Al Bahr al Ahmar",
    "Al Buhayrah",
    "Banī Suwayf",
    "Al Qāhirah",
    "Ad Daqahlīyah",
    "Dumyāt",
    "Al Fayyūm",
    "Al Gharbīyah",
    "Al Jīzah",
    "Ḩulwān",
    "Al Ismā`īlīyah",
    "Janūb Sīnā'",
    "Al Qalyūbīyah",
    "Kafr ash Shaykh",
    "Qinā",
    "Al Minyā",
    "Al Minūfīyah",
    "Matrūh",
    "Būr Sa`īd",
    "Sūhāj",
    "Ash Sharqīyah",
    "Shamal Sīnā'",
    "As Sādis min Uktūbar",
    "As Suways",
    "Al Wādī al Jadīd"
  ],
  "ER": [
    "Ansabā",
    "Janūbī al Baḩrī al Aḩmar",
    "Al Janūbī",
    "Qāsh-Barkah",
    "Al Awsaţ",
    "Shimālī al Baḩrī al Aḩmar"
  ],
  "ES": [
    "Alicante",
    "Albacete",
    "Almería",
    "Andalucía",
    "Aragón",
    "Asturias, Principado de",
    "Ávila",
    "Barcelona",
    "Badajoz",
    "Bizkaia",
    "Burgos",
    "A Coruña",
    "Cádiz",
    "Cantabria",
    "Cáceres",
    "Ceuta",
    "Castilla y León",
    "Castilla-La Mancha",
    "Canarias",
    "Córdoba",
    "Ciudad Real",
    "Castellón",
    "Catalunya",
    "Cuenca",
    "Extremadura",
    "Galicia",
    "Las Palmas",
    "Girona",
    "Granada",
    "Guadalajara",
    "Huelva",
    "Huesca",
    "Illes Balears",
    "Jaén",
    "Lleida",
    "León",
    "La Rioja",
    "Lugo",
    "Madrid",
    "Málaga",
    "Murcia, Región de",
    "Madrid, Comunidad de",
    "Melilla",
    "Murcia",
    "Navarra / Nafarroa",
    "Navarra, Comunidad Foral de / Nafarroako Foru Komunitatea",
    "Asturias",
    "Ourense",
    "Palencia",
    "Balears",
    "Pontevedra",
    "País Vasco / Euskal Herria",
    "Salamanca",
    "Sevilla",
    "Segovia",
    "Soria",
    "Gipuzkoa",
    "Tarragona",
    "Teruel",
    "Santa Cruz de Tenerife",
    "Toledo",
    "Valencia / València",
    "Valladolid",
    "Valenciana, Comunidad / Valenciana, Comunitat",
    "Álava",
    "Zaragoza",
    "Zamora"
  ],
  "ET": [
    "Ādīs Ābeba",
    "Āfar",
    "Āmara",
    "Bīnshangul Gumuz",
    "Dirē Dawa",
    "Gambēla Hizboch",
    "Hārerī Hizb",
    "Oromīya",
    "YeDebub Bihēroch Bihēreseboch na Hizboch",
    "Sumalē",
    "Tigray"
  ],
  "FI": [
    "Ahvenanmaan maakunta",
    "Etelä-Karjala",
    "Etelä-Pohjanmaa",
    "Etelä-Savo",
    "Kainuu",
    "Kanta-Häme",
    "Keski-Pohjanmaa",
    "Keski-Suomi",
    "Kymenlaakso",
    "Lappi",
    "Pirkanmaa",
    "Pohjanmaa",
    "Pohjois-Karjala",
    "Pohjois-Pohjanmaa",
    "Pohjois-Savo",
    "Päijät-Häme",
    "Satakunta",
    "Uusimaa",
    "Varsinais-Suomi"
  ],
  "FJ": [
    "Central",
    "Eastern",
    "Northern",
    "Rotuma",
    "Western"
  ],
  "FM": [
    "Kosrae",
    "Pohnpei",
    "Chuuk",
    "Yap"
  ],
  "FR": [
    "Ain",
    "Aisne",
    "Allier",
    "Alpes-de-Haute-Provence",
    "Hautes-Alpes",
    "Alpes-Maritimes",
    "Ardèche",
    "Ardennes",
    "Ariège",
    "Aube",
    "Aude",
    "Aveyron",
    "Bouches-du-Rhône",
    "Calvados",
    "Cantal",
    "Charente",
    "Charente-Maritime",
    "Cher",
    "Corrèze",
    "Côte-d'Or",
    "Côtes-d'Armor",
    "Creuse",
    "Dordogne",
    "Doubs",
    "Drôme",
    "Eure",
    "Eure-et-Loir",
    "Finistère",
    "Corse-du-Sud",
    "Haute-Corse",
    "Gard",
    "Haute-Garonne",
    "Gers",
    "Gironde",
    "Hérault",
    "Ille-et-Vilaine",
    "Indre",
    "Indre-et-Loire",
    "Isère",
    "Jura",
    "Landes",
    "Loir-et-Cher",
    "Loire",
    "Haute-Loire",
    "Loire-Atlantique",
    "Loiret",
    "Lot",
    "Lot-et-Garonne",
    "Lozère",
    "Maine-et-Loire",
    "Manche",
    "Marne",
    "Haute-Marne",
    "Mayenne",
    "Meurthe-et-Moselle",
    "Meuse",
    "Morbihan",
    "Moselle",
    "Nièvre",
    "Nord",
    "Oise",
    "Orne",
    "Pas-de-Calais",
    "Puy-de-Dôme",
    "Pyrénées-Atlantiques",
    "Hautes-Pyrénées",
    "Pyrénées-Orientales",
    "Bas-Rhin",
    "Haut-Rhin",
    "Rhône",
    "Haute-Saône",
    "Saône-et-Loire",
    "Sarthe",
    "Savoie",
    "Haute-Savoie",
    "Paris",
    "Seine-Maritime",
    "Seine-et-Marne",
    "Yvelines",
    "Deux-Sèvres",
    "Somme",
    "Tarn",
    "Tarn-et-Garonne",
    "Var",
    "Vaucluse",
    "Vendée",
    "Vienne",
    "Haute-Vienne",
    "Vosges",
    "Yonne",
    "Territoire de Belfort",
    "Essonne",
    "Hauts-de-Seine",
    "Seine-Saint-Denis",
    "Val-de-Marne",
    "Val-d'Oise",
    "Auvergne-Rhône-Alpes",
    "Bourgogne-Franche-Comté",
    "Saint-Barthélemy",
    "Bretagne",
    "Corse",
    "Clipperton",
    "Centre-Val de Loire",
    "Grand-Est",
    "Guyane (française)",
    "Guadeloupe",
    "Hauts-de-France",
    "Île-de-France",
    "La Réunion",
    "Mayotte",
    "Saint-Martin",
    "Martinique",
    "Nouvelle-Aquitaine",
    "Nouvelle-Calédonie",
    "Normandie",
    "Occitanie",
    "Provence-Alpes-Côte-d’Azur",
    "Pays-de-la-Loire",
    "Polynésie française",
    "Saint-Pierre-et-Miquelon",
    "Terres australes françaises",
    "Wallis-et-Futuna"
  ],
  "GA": [
    "Estuaire",
    "Haut-Ogooué",
    "Moyen-Ogooué",
    "Ngounié",
    "Nyanga",
    "Ogooué-Ivindo",
    "Ogooué-Lolo",
    "Ogooué-Maritime",
    "Woleu-Ntem"
  ],
  "GB": [
    "Armagh, Banbridge and Craigavon",
    "Aberdeenshire",
    "Aberdeen City",
    "Argyll and Bute",
    "Isle of Anglesey; Sir Ynys Môn",
    "Ards and North Down",
    "Antrim and Newtownabbey",
    "Angus",
    "Bath and North East Somerset",
    "Blackburn with Darwen",
    "Bedford",
    "Barking and Dagenham",
    "Brent",
    "Bexley",
    "Belfast",
    "Bridgend; Pen-y-bont ar Ogwr",
    "Blaenau Gwent",
    "Birmingham",
    "Buckinghamshire",
    "Bournemouth",
    "Barnet",
    "Brighton and Hove",
    "Barnsley",
    "Bolton",
    "Blackpool",
    "Bracknell Forest",
    "Bradford",
    "Bromley",
    "Bristol, City of",
    "Bury",
    "Cambridgeshire",
    "Caerphilly; Caerffili",
    "Central Bedfordshire",
    "Causeway Coast and Glens",
    "Ceredigion; Sir Ceredigion",
    "Cheshire East",
    "Cheshire West and Chester",
    "Calderdale",
    "Clackmannanshire",
    "Cumbria",
    "Camden",
    "Carmarthenshire; Sir Gaerfyrddin",
    "Cornwall",
    "Coventry",
    "Cardiff; Caerdydd",
    "Croydon",
    "Conwy",
    "Darlington",
    "Derbyshire",
    "Denbighshire; Sir Ddinbych",
    "Derby",
    "Devon",
    "Dumfries and Galloway",
    "Doncaster",
    "Dundee City",
    "Dorset",
    "Derry and Strabane",
    "Dudley",
    "Durham County",
    "Ealing",
    "England and Wales",
    "East Ayrshire",
    "Edinburgh, City of",
    "East Dunbartonshire",
    "East Lothian",
    "Eilean Siar",
    "Enfield",
    "England",
    "East Renfrewshire",
    "East Riding of Yorkshire",
    "Essex",
    "East Sussex",
    "Falkirk",
    "Fife",
    "Flintshire; Sir y Fflint",
    "Fermanagh and Omagh",
    "Gateshead",
    "Great Britain",
    "Glasgow City",
    "Gloucestershire",
    "Greenwich",
    "Gwynedd",
    "Halton",
    "Hampshire",
    "Havering",
    "Hackney",
    "Herefordshire",
    "Hillingdon",
    "Highland",
    "Hammersmith and Fulham",
    "Hounslow",
    "Hartlepool",
    "Hertfordshire",
    "Harrow",
    "Haringey",
    "Isles of Scilly",
    "Isle of Wight",
    "Islington",
    "Inverclyde",
    "Kensington and Chelsea",
    "Kent",
    "Kingston upon Hull",
    "Kirklees",
    "Kingston upon Thames",
    "Knowsley",
    "Lancashire",
    "Lisburn and Castlereagh",
    "Lambeth",
    "Leicester",
    "Leeds",
    "Leicestershire",
    "Lewisham",
    "Lincolnshire",
    "Liverpool",
    "London, City of",
    "Luton",
    "Manchester",
    "Middlesbrough",
    "Medway",
    "Mid and East Antrim",
    "Milton Keynes",
    "Midlothian",
    "Monmouthshire; Sir Fynwy",
    "Merton",
    "Moray",
    "Merthyr Tydfil; Merthyr Tudful",
    "Mid Ulster",
    "North Ayrshire",
    "Northumberland",
    "North East Lincolnshire",
    "Newcastle upon Tyne",
    "Norfolk",
    "Nottingham",
    "Northern Ireland",
    "North Lanarkshire",
    "North Lincolnshire",
    "Newry, Mourne and Down",
    "North Somerset",
    "Northamptonshire",
    "Neath Port Talbot; Castell-nedd Port Talbot",
    "Nottinghamshire",
    "North Tyneside",
    "Newham",
    "Newport; Casnewydd",
    "North Yorkshire",
    "Oldham",
    "Orkney Islands",
    "Oxfordshire",
    "Pembrokeshire; Sir Benfro",
    "Perth and Kinross",
    "Plymouth",
    "Poole",
    "Portsmouth",
    "Powys",
    "Peterborough",
    "Redcar and Cleveland",
    "Rochdale",
    "Rhondda, Cynon, Taff; Rhondda, Cynon, Taf",
    "Redbridge",
    "Reading",
    "Renfrewshire",
    "Richmond upon Thames",
    "Rotherham",
    "Rutland",
    "Sandwell",
    "South Ayrshire",
    "Scottish Borders, The",
    "Scotland",
    "Suffolk",
    "Sefton",
    "South Gloucestershire",
    "Sheffield",
    "St. Helens",
    "Shropshire",
    "Stockport",
    "Salford",
    "Slough",
    "South Lanarkshire",
    "Sunderland",
    "Solihull",
    "Somerset",
    "Southend-on-Sea",
    "Surrey",
    "Stoke-on-Trent",
    "Stirling",
    "Southampton",
    "Sutton",
    "Staffordshire",
    "Stockton-on-Tees",
    "South Tyneside",
    "Swansea; Abertawe",
    "Swindon",
    "Southwark",
    "Tameside",
    "Telford and Wrekin",
    "Thurrock",
    "Torbay",
    "Torfaen; Tor-faen",
    "Trafford",
    "Tower Hamlets",
    "United Kingdom",
    "Vale of Glamorgan, The; Bro Morgannwg",
    "Warwickshire",
    "West Berkshire",
    "West Dunbartonshire",
    "Waltham Forest",
    "Wigan",
    "Wiltshire",
    "Wakefield",
    "Walsall",
    "West Lothian",
    "Wales; Cymru",
    "Wolverhampton",
    "Wandsworth",
    "Windsor and Maidenhead",
    "Wokingham",
    "Worcestershire",
    "Wirral",
    "Warrington",
    "Wrexham; Wrecsam",
    "Westminster",
    "West Sussex",
    "York",
    "Shetland Islands"
  ],
  "GD": [
    "Saint Andrew",
    "Saint David",
    "Saint George",
    "Saint John",
    "Saint Mark",
    "Saint Patrick",
    "Southern Grenadine Islands"
  ],
  "GE": [
    "Abkhazia",
    "Ajaria",
    "Guria",
    "Imeret’i",
    "Kakhet’i",
    "K’vemo K’art’li",
    "Mts’khet’a-Mt’ianet’i",
    "Racha-Lech’khumi-K’vemo Svanet’i",
    "Samts’khe-Javakhet’i",
    "Shida K’art’li",
    "Samegrelo-Zemo Svanet’i",
    "T’bilisi"
  ],
  "GH": [
    "Greater Accra",
    "Ashanti",
    "Brong-Ahafo",
    "Central",
    "Eastern",
    "Northern",
    "Volta",
    "Upper East",
    "Upper West",
    "Western"
  ],
  "GL": [
    "Kommune Kujalleq",
    "Qaasuitsup Kommunia",
    "Qeqqata Kommunia",
    "Kommuneqarfik Sermersooq"
  ],
  "GM": [
    "Banjul",
    "Lower River",
    "Central River",
    "North Bank",
    "Upper River",
    "Western"
  ],
  "GN": [
    "Boké",
    "Beyla",
    "Boffa",
    "Conakry",
    "Coyah",
    "Kindia",
    "Dabola",
    "Dinguiraye",
    "Dalaba",
    "Dubréka",
    "Faranah",
    "Forécariah",
    "Fria",
    "Gaoual",
    "Guékédou",
    "Kankan",
    "Koubia",
    "Kérouané",
    "Koundara",
    "Kouroussa",
    "Kissidougou",
    "Labé",
    "Lélouma",
    "Lola",
    "Mamou",
    "Macenta",
    "Mandiana",
    "Mali",
    "Nzérékoré",
    "Pita",
    "Siguiri",
    "Télimélé",
    "Tougué",
    "Yomou"
  ],
  "GQ": [
    "Annobón",
    "Bioko Norte",
    "Bioko Sur",
    "Región Continental",
    "Centro Sur",
    "Región Insular",
    "Kié-Ntem",
    "Litoral",
    "Wele-Nzas"
  ],
  "GR": [
    "Aitolia kai Akarnania",
    "Voiotia",
    "Evvoias",
    "Evrytania",
    "Fthiotida",
    "Fokida",
    "Argolida",
    "Arkadia",
    "Achaïa",
    "Ileia",
    "Korinthia",
    "Lakonia",
    "Messinia",
    "Zakynthos",
    "Kerkyra",
    "Kefallonia",
    "Lefkada",
    "Arta",
    "Thesprotia",
    "Ioannina",
    "Preveza",
    "Karditsa",
    "Larisa",
    "Magnisia",
    "Trikala",
    "Grevena",
    "Drama",
    "Imathia",
    "Thessaloniki",
    "Kavala",
    "Kastoria",
    "Kilkis",
    "Kozani",
    "Pella",
    "Pieria",
    "Serres",
    "Florina",
    "Chalkidiki",
    "Agio Oros",
    "Evros",
    "Xanthi",
    "Rodopi",
    "Dodekanisos",
    "Kyklades",
    "Lesvos",
    "Samos",
    "Chios",
    "Irakleio",
    "Lasithi",
    "Rethymno",
    "Chania",
    "Anatoliki Makedonia kai Thraki",
    "Attiki",
    "Kentriki Makedonia",
    "Dytiki Makedonia",
    "Ipeiros",
    "Thessalia",
    "Ionia Nisia",
    "Dytiki Ellada",
    "Sterea Ellada",
    "Peloponnisos",
    "Voreio Aigaio",
    "Notio Aigaio",
    "Kriti"
  ],
  "GT": [
    "Alta Verapaz",
    "Baja Verapaz",
    "Chimaltenango",
    "Chiquimula",
    "Escuintla",
    "Guatemala",
    "Huehuetenango",
    "Izabal",
    "Jalapa",
    "Jutiapa",
    "Petén",
    "El Progreso",
    "Quiché",
    "Quetzaltenango",
    "Retalhuleu",
    "Sacatepéquez",
    "San Marcos",
    "Sololá",
    "Santa Rosa",
    "Suchitepéquez",
    "Totonicapán",
    "Zacapa"
  ],
  "GW": [
    "Bafatá",
    "Bolama",
    "Biombo",
    "Bissau",
    "Cacheu",
    "Gabú",
    "Leste",
    "Norte",
    "Oio",
    "Quinara",
    "Sul",
    "Tombali"
  ],
  "GY": [
    "Barima-Waini",
    "Cuyuni-Mazaruni",
    "Demerara-Mahaica",
    "East Berbice-Corentyne",
    "Essequibo Islands-West Demerara",
    "Mahaica-Berbice",
    "Pomeroon-Supenaam",
    "Potaro-Siparuni",
    "Upper Demerara-Berbice",
    "Upper Takutu-Upper Essequibo"
  ],
  "HN": [
    "Atlántida",
    "Choluteca",
    "Colón",
    "Comayagua",
    "Copán",
    "Cortés",
    "El Paraíso",
    "Francisco Morazán",
    "Gracias a Dios",
    "Islas de la Bahía",
    "Intibucá",
    "Lempira",
    "La Paz",
    "Ocotepeque",
    "Olancho",
    "Santa Bárbara",
    "Valle",
    "Yoro"
  ],
  "HR": [
    "Zagrebačka županija",
    "Krapinsko-zagorska županija",
    "Sisačko-moslavačka županija",
    "Karlovačka županija",
    "Varaždinska županija",
    "Koprivničko-križevačka županija",
    "Bjelovarsko-bilogorska županija",
    "Primorsko-goranska županija",
    "Ličko-senjska županija",
    "Virovitičko-podravska županija",
    "Požeško-slavonska županija",
    "Brodsko-posavska županija",
    "Zadarska županija",
    "Osječko-baranjska županija",
    "Šibensko-kninska županija",
    "Vukovarsko-srijemska županija",
    "Splitsko-dalmatinska županija",
    "Istarska županija",
    "Dubrovačko-neretvanska županija",
    "Međimurska županija",
    "Grad Zagreb"
  ],
  "HT": [
    "Artibonite",
    "Centre",
    "Grande-Anse",
    "Nord",
    "Nord-Est",
    "Nord-Ouest",
    "Ouest",
    "Sud",
    "Sud-Est"
  ],
  "HU": [
    "Baranya",
    "Békéscsaba",
    "Békés",
    "Bács-Kiskun",
    "Budapest",
    "Borsod-Abaúj-Zemplén",
    "Csongrád",
    "Debrecen",
    "Dunaújváros",
    "Eger",
    "Érd",
    "Fejér",
    "Győr-Moson-Sopron",
    "Győr",
    "Hajdú-Bihar",
    "Heves",
    "Hódmezővásárhely",
    "Jász-Nagykun-Szolnok",
    "Komárom-Esztergom",
    "Kecskemét",
    "Kaposvár",
    "Miskolc",
    "Nagykanizsa",
    "Nógrád",
    "Nyíregyháza",
    "Pest",
    "Pécs",
    "Szeged",
    "Székesfehérvár",
    "Szombathely",
    "Szolnok",
    "Sopron",
    "Somogy",
    "Szekszárd",
    "Salgótarján",
    "Szabolcs-Szatmár-Bereg",
    "Tatabánya",
    "Tolna",
    "Vas",
    "Veszprém (county)",
    "Veszprém",
    "Zala",
    "Zalaegerszeg"
  ],
  "ID": [
    "Aceh",
    "Bali",
    "Bangka Belitung",
    "Bengkulu",
    "Banten",
    "Gorontalo",
    "Papua",
    "Jambi",
    "Jawa Barat",
    "Jawa Timur",
    "Jakarta Raya",
    "Jawa Tengah",
    "Jawa",
    "Kalimantan",
    "Kalimantan Barat",
    "Kalimantan Timur",
    "Kepulauan Riau",
    "Kalimantan Selatan",
    "Kalimantan Tengah",
    "Lampung",
    "Maluku",
    "Maluku Utara",
    "Nusa Tenggara Barat",
    "Nusa Tenggara Timur",
    "Nusa Tenggara",
    "Papua Barat",
    "Riau",
    "Sulawesi Utara",
    "Sumatra Barat",
    "Sulawesi Tenggara",
    "Sulawesi",
    "Sumatera",
    "Sulawesi Selatan",
    "Sulawesi Barat",
    "Sumatra Selatan",
    "Sulawesi Tengah",
    "Sumatera Utara",
    "Yogyakarta"
  ],
  "IE": [
    "Connacht",
    "Clare",
    "Cavan",
    "Cork",
    "Carlow",
    "Dublin",
    "Donegal",
    "Galway",
    "Kildare",
    "Kilkenny",
    "Kerry",
    "Leinster",
    "Longford",
    "Louth",
    "Limerick",
    "Leitrim",
    "Laois",
    "Munster",
    "Meath",
    "Monaghan",
    "Mayo",
    "Offaly",
    "Roscommon",
    "Sligo",
    "Tipperary",
    "Ulster",
    "Waterford",
    "Westmeath",
    "Wicklow",
    "Wexford"
  ],
  "IL": [
    "HaDarom",
    "Hefa",
    "Yerushalayim Al Quds",
    "HaMerkaz",
    "Tel-Aviv",
    "HaZafon"
  ],
  "IN": [
    "Andaman and Nicobar Islands",
    "Andhra Pradesh",
    "Arunachal Pradesh",
    "Assam",
    "Bihar",
    "Chandigarh",
    "Chhattisgarh",
    "Daman and Diu",
    "Delhi",
    "Dadra and Nagar Haveli",
    "Goa",
    "Gujarat",
    "Himachal Pradesh",
    "Haryana",
    "Jharkhand",
    "Jammu and Kashmir",
    "Karnataka",
    "Kerala",
    "Lakshadweep",
    "Maharashtra",
    "Meghalaya",
    "Manipur",
    "Madhya Pradesh",
    "Mizoram",
    "Nagaland",
    "Odisha",
    "Punjab",
    "Puducherry",
    "Rajasthan",
    "Sikkim",
    "Telangana",
    "Tamil Nadu",
    "Tripura",
    "Uttar Pradesh",
    "Uttarakhand",
    "West Bengal"
  ],
  "IQ": [
    "Al Anbar",
    "Arbil",
    "Al Basrah",
    "Babil",
    "Baghdad",
    "Dahuk",
    "Diyala",
    "Dhi Qar",
    "Karbala'",
    "Maysan",
    "Al Muthanna",
    "An Najef",
    "Ninawa",
    "Al Qadisiyah",
    "Salah ad Din",
    "As Sulaymaniyah",
    "At Ta'mim",
    "Wasit"
  ],
  "IR": [
    "Āzarbāyjān-e Sharqī",
    "Āzarbāyjān-e Gharbī",
    "Ardabīl",
    "Eşfahān",
    "Īlām",
    "Būshehr",
    "Tehrān",
    "Chahār Mahāll va Bakhtīārī",
    "Khūzestān",
    "Zanjān",
    "Semnān",
    "Sīstān va Balūchestān",
    "Fārs",
    "Kermān",
    "Kordestān",
    "Kermānshāh",
    "Kohgīlūyeh va Būyer Ahmad",
    "Gīlān",
    "Lorestān",
    "Māzandarān",
    "Markazī",
    "Hormozgān",
    "Hamadān",
    "Yazd",
    "Qom",
    "Golestān",
    "Qazvīn",
    "Khorāsān-e Janūbī",
    "Khorāsān-e Razavī",
    "Khorāsān-e Shemālī"
  ],
  "IS": [
    "Reykjavík",
    "Höfuðborgarsvæðið",
    "Suðurnes",
    "Vesturland",
    "Vestfirðir",
    "Norðurland vestra",
    "Norðurland eystra",
    "Austurland",
    "Suðurland"
  ],
  "IT": [
    "Piemonte",
    "Valle d'Aosta",
    "Lombardia",
    "Trentino-Alto Adige",
    "Veneto",
    "Friuli-Venezia Giulia",
    "Liguria",
    "Emilia-Romagna",
    "Toscana",
    "Umbria",
    "Marche",
    "Lazio",
    "Abruzzo",
    "Molise",
    "Campania",
    "Puglia",
    "Basilicata",
    "Calabria",
    "Sicilia",
    "Sardegna",
    "Agrigento",
    "Alessandria",
    "Ancona",
    "Aosta",
    "Ascoli Piceno",
    "L'Aquila",
    "Arezzo",
    "Asti",
    "Avellino",
    "Bari",
    "Bergamo",
    "Biella",
    "Belluno",
    "Benevento",
    "Bologna",
    "Brindisi",
    "Brescia",
    "Barletta-Andria-Trani",
    "Bolzano",
    "Cagliari",
    "Campobasso",
    "Caserta",
    "Chieti",
    "Carbonia-Iglesias",
    "Caltanissetta",
    "Cuneo",
    "Como",
    "Cremona",
    "Cosenza",
    "Catania",
    "Catanzaro",
    "Enna",
    "Forlì-Cesena",
    "Ferrara",
    "Foggia",
    "Firenze",
    "Fermo",
    "Frosinone",
    "Genova",
    "Gorizia",
    "Grosseto",
    "Imperia",
    "Isernia",
    "Crotone",
    "Lecco",
    "Lecce",
    "Livorno",
    "Lodi",
    "Latina",
    "Lucca",
    "Monza e Brianza",
    "Macerata",
    "Messina",
    "Milano",
    "Mantova",
    "Modena",
    "Massa-Carrara",
    "Matera",
    "Napoli",
    "Novara",
    "Nuoro",
    "Ogliastra",
    "Oristano",
    "Olbia-Tempio",
    "Palermo",
    "Piacenza",
    "Padova",
    "Pescara",
    "Perugia",
    "Pisa",
    "Pordenone",
    "Prato",
    "Parma",
    "Pistoia",
    "Pesaro e Urbino",
    "Pavia",
    "Potenza",
    "Ravenna",
    "Reggio Calabria",
    "Reggio Emilia",
    "Ragusa",
    "Rieti",
    "Roma",
    "Rimini",
    "Rovigo",
    "Salerno",
    "Siena",
    "Sondrio",
    "La Spezia",
    "Siracusa",
    "Sassari",
    "Savona",
    "Taranto",
    "Teramo",
    "Trento",
    "Torino",
    "Trapani",
    "Terni",
    "Trieste",
    "Treviso",
    "Udine",
    "Varese",
    "Verbano-Cusio-Ossola",
    "Vercelli",
    "Venezia",
    "Vicenza",
    "Verona",
    "Medio Campidano",
    "Viterbo",
    "Vibo Valentia"
  ],
  "JM": [
    "Kingston",
    "Saint Andrew",
    "Saint Thomas",
    "Portland",
    "Saint Mary",
    "Saint Ann",
    "Trelawny",
    "Saint James",
    "Hanover",
    "Westmoreland",
    "Saint Elizabeth",
    "Manchester",
    "Clarendon",
    "Saint Catherine"
  ],
  "JO": [
    "‘Ajlūn",
    "‘Ammān (Al ‘Aşimah)",
    "Al ‘Aqabah",
    "Aţ Ţafīlah",
    "Az Zarqā'",
    "Al Balqā'",
    "Irbid",
    "Jarash",
    "Al Karak",
    "Al Mafraq",
    "Mādabā",
    "Ma‘ān"
  ],
  "JP": [
    "Hokkaido",
    "Aomori",
    "Iwate",
    "Miyagi",
    "Akita",
    "Yamagata",
    "Fukushima",
    "Ibaraki",
    "Tochigi",
    "Gunma",
    "Saitama",
    "Chiba",
    "Tokyo",
    "Kanagawa",
    "Niigata",
    "Toyama",
    "Ishikawa",
    "Fukui",
    "Yamanashi",
    "Nagano",
    "Gifu",
    "Shizuoka",
    "Aichi",
    "Mie",
    "Shiga",
    "Kyoto",
    "Osaka",
    "Hyogo",
    "Nara",
    "Wakayama",
    "Tottori",
    "Shimane",
    "Okayama",
    "Hiroshima",
    "Yamaguchi",
    "Tokushima",
    "Kagawa",
    "Ehime",
    "Kochi",
    "Fukuoka",
    "Saga",
    "Nagasaki",
    "Kumamoto",
    "Oita",
    "Miyazaki",
    "Kagoshima",
    "Okinawa"
  ],
  "KE": [
    "Baringo",
    "Bomet",
    "Bungoma",
    "Busia",
    "Elgeyo/Marakwet",
    "Embu",
    "Garissa",
    "Homa Bay",
    "Isiolo",
    "Kajiado",
    "Kakamega",
    "Kericho",
    "Kiambu",
    "Kilifi",
    "Kirinyaga",
    "Kisii",
    "Kisumu",
    "Kitui",
    "Kwale",
    "Laikipia",
    "Lamu",
    "Machakos",
    "Makueni",
    "Mandera",
    "Marsabit",
    "Meru",
    "Migori",
    "Mombasa",
    "Murang'a",
    "Nairobi City",
    "Nakuru",
    "Nandi",
    "Narok",
    "Nyamira",
    "Nyandarua",
    "Nyeri",
    "Samburu",
    "Siaya",
    "Taita/Taveta",
    "Tana River",
    "Tharaka-Nithi",
    "Trans Nzoia",
    "Turkana",
    "Uasin Gishu",
    "Vihiga",
    "Wajir",
    "West Pokot"
  ],
  "KG": [
    "Batken",
    "Chü",
    "Bishkek",
    "Jalal-Abad",
    "Naryn",
    "Osh",
    "Talas",
    "Ysyk-Köl"
  ],
  "KH": [
    "Banteay Mean Chey",
    "Krachoh",
    "Mondol Kiri",
    "Phnom Penh",
    "Preah Vihear",
    "Prey Veaeng",
    "Pousaat",
    "Rotanak Kiri",
    "Siem Reab",
    "Krong Preah Sihanouk",
    "Stueng Traeng",
    "Battambang",
    "Svaay Rieng",
    "Taakaev",
    "Otdar Mean Chey",
    "Krong Kaeb",
    "Krong Pailin",
    "Kampong Cham",
    "Kampong Chhnang",
    "Kampong Speu",
    "Kampong Thom",
    "Kampot",
    "Kandal",
    "Kach Kong"
  ],
  "KI": [
    "Gilbert Islands",
    "Line Islands",
    "Phoenix Islands"
  ],
  "KM": [
    "Andjouân (Anjwān)",
    "Andjazîdja (Anjazījah)",
    "Moûhîlî (Mūhīlī)"
  ],
  "KN": [
    "Christ Church Nichola Town",
    "Saint Anne Sandy Point",
    "Saint George Basseterre",
    "Saint George Gingerland",
    "Saint James Windward",
    "Saint John Capisterre",
    "Saint John Figtree",
    "Saint Mary Cayon",
    "Saint Paul Capisterre",
    "Saint Paul Charlestown",
    "Saint Peter Basseterre",
    "Saint Thomas Lowland",
    "Saint Thomas Middle Island",
    "Trinity Palmetto Point",
    "Saint Kitts",
    "Nevis"
  ],
  "KP": [
    "P’yŏngyang",
    "P’yŏngan-namdo",
    "P’yŏngan-bukto",
    "Chagang-do",
    "Hwanghae-namdo",
    "Hwanghae-bukto",
    "Kangwŏn-do",
    "Hamgyŏng-namdo",
    "Hamgyŏng-bukto",
    "Yanggang-do",
    "Nasŏn (Najin-Sŏnbong)"
  ],
  "KR": [
    "Seoul Teugbyeolsi",
    "Busan Gwang'yeogsi",
    "Daegu Gwang'yeogsi",
    "Incheon Gwang'yeogsi",
    "Gwangju Gwang'yeogsi",
    "Daejeon Gwang'yeogsi",
    "Ulsan Gwang'yeogsi",
    "Gyeonggido",
    "Gang'weondo",
    "Chungcheongbukdo",
    "Chungcheongnamdo",
    "Jeonrabukdo",
    "Jeonranamdo",
    "Gyeongsangbukdo",
    "Gyeongsangnamdo",
    "Jejudo"
  ],
  "KW": [
    "Al Ahmadi",
    "Al Farwānīyah",
    "Hawallī",
    "Al Jahrrā’",
    "Al Kuwayt (Al ‘Āşimah)",
    "Mubārak al Kabīr"
  ],
  "KZ": [
    "Aqmola oblysy",
    "Aqtöbe oblysy",
    "Almaty",
    "Almaty oblysy",
    "Astana",
    "Atyraū oblysy",
    "Qaraghandy oblysy",
    "Qostanay oblysy",
    "Qyzylorda oblysy",
    "Mangghystaū oblysy",
    "Pavlodar oblysy",
    "Soltüstik Quzaqstan oblysy",
    "Shyghys Qazaqstan oblysy",
    "Ongtüstik Qazaqstan oblysy",
    "Batys Quzaqstan oblysy",
    "Zhambyl oblysy"
  ],
  "LA": [
    "Attapu",
    "Bokèo",
    "Bolikhamxai",
    "Champasak",
    "Houaphan",
    "Khammouan",
    "Louang Namtha",
    "Louangphabang",
    "Oudômxai",
    "Phôngsali",
    "Salavan",
    "Savannakhét",
    "Vientiane",
    "Xaignabouli",
    "Xékong",
    "Xiangkhouang",
    "Xaisômboun"
  ],
  "LB": [
    "Aakkâr",
    "Liban-Nord",
    "Beyrouth",
    "Baalbek-Hermel",
    "Béqaa",
    "Liban-Sud",
    "Mont-Liban",
    "Nabatîyé"
  ],
  "LI": [
    "Balzers",
    "Eschen",
    "Gamprin",
    "Mauren",
    "Planken",
    "Ruggell",
    "Schaan",
    "Schellenberg",
    "Triesen",
    "Triesenberg",
    "Vaduz"
  ],
  "LK": [
    "Basnāhira paḷāta",
    "Kŏḷamba",
    "Gampaha",
    "Kaḷutara",
    "Madhyama paḷāta",
    "Mahanuvara",
    "Mātale",
    "Nuvara Ĕliya",
    "Dakuṇu paḷāta",
    "Gālla",
    "Mātara",
    "Hambantŏṭa",
    "Uturu paḷāta",
    "Yāpanaya",
    "Kilinŏchchi",
    "Mannārama",
    "Vavuniyāva",
    "Mulativ",
    "Næ̆gĕnahira paḷāta",
    "Maḍakalapuva",
    "Ampāara",
    "Trikuṇāmalaya",
    "Vayamba paḷāta",
    "Kuruṇægala",
    "Puttalama",
    "Uturumæ̆da paḷāta",
    "Anurādhapura",
    "Pŏḷŏnnaruva",
    "Ūva paḷāta",
    "Badulla",
    "Mŏṇarāgala",
    "Sabaragamuva paḷāta",
    "Ratnapura",
    "Kægalla"
  ],
  "LR": [
    "Bong",
    "Bomi",
    "Grand Cape Mount",
    "Grand Bassa",
    "Grand Gedeh",
    "Grand Kru",
    "Lofa",
    "Margibi",
    "Montserrado",
    "Maryland",
    "Nimba",
    "Rivercess",
    "Sinoe"
  ],
  "LS": [
    "Maseru",
    "Butha-Buthe",
    "Leribe",
    "Berea",
    "Mafeteng",
    "Mohale's Hoek",
    "Quthing",
    "Qacha's Nek",
    "Mokhotlong",
    "Thaba-Tseka"
  ],
  "LT": [
    "Alytaus Apskritis",
    "Klaipėdos Apskritis",
    "Kauno Apskritis",
    "Marijampolės Apskritis",
    "Panevėžio Apskritis",
    "Šiaulių Apskritis",
    "Tauragés Apskritis",
    "Telšių Apskritis",
    "Utenos Apskritis",
    "Vilniaus Apskritis"
  ],
  "LU": [
    "Diekirch",
    "Grevenmacher",
    "Luxembourg"
  ],
  "LV": [
    "Aglonas novads",
    "Aizkraukles novads",
    "Aizputes novads",
    "Aknīstes novads",
    "Alojas novads",
    "Alsungas novads",
    "Alūksnes novads",
    "Amatas novads",
    "Apes novads",
    "Auces novads",
    "Ādažu novads",
    "Babītes novads",
    "Baldones novads",
    "Baltinavas novads",
    "Balvu novads",
    "Bauskas novads",
    "Beverīnas novads",
    "Brocēnu novads",
    "Burtnieku novads",
    "Carnikavas novads",
    "Cesvaines novads",
    "Cēsu novads",
    "Ciblas novads",
    "Dagdas novads",
    "Daugavpils novads",
    "Dobeles novads",
    "Dundagas novads",
    "Durbes novads",
    "Engures novads",
    "Ērgļu novads",
    "Garkalnes novads",
    "Grobiņas novads",
    "Gulbenes novads",
    "Iecavas novads",
    "Ikšķiles novads",
    "Ilūkstes novads",
    "Inčukalna novads",
    "Jaunjelgavas novads",
    "Jaunpiebalgas novads",
    "Jaunpils novads",
    "Jelgavas novads",
    "Jēkabpils novads",
    "Kandavas novads",
    "Kārsavas novads",
    "Kocēnu novads",
    "Kokneses novads",
    "Krāslavas novads",
    "Krimuldas novads",
    "Krustpils novads",
    "Kuldīgas novads",
    "Ķeguma novads",
    "Ķekavas novads",
    "Lielvārdes novads",
    "Limbažu novads",
    "Līgatnes novads",
    "Līvānu novads",
    "Lubānas novads",
    "Ludzas novads",
    "Madonas novads",
    "Mazsalacas novads",
    "Mālpils novads",
    "Mārupes novads",
    "Mērsraga novads",
    "Naukšēnu novads",
    "Neretas novads",
    "Nīcas novads",
    "Ogres novads",
    "Olaines novads",
    "Ozolnieku novads",
    "Pārgaujas novads",
    "Pāvilostas novads",
    "Pļaviņu novads",
    "Preiļu novads",
    "Priekules novads",
    "Priekuļu novads",
    "Raunas novads",
    "Rēzeknes novads",
    "Riebiņu novads",
    "Rojas novads",
    "Ropažu novads",
    "Rucavas novads",
    "Rugāju novads",
    "Rundāles novads",
    "Rūjienas novads",
    "Salas novads",
    "Salacgrīvas novads",
    "Salaspils novads",
    "Saldus novads",
    "Saulkrastu novads",
    "Sējas novads",
    "Siguldas novads",
    "Skrīveru novads",
    "Skrundas novads",
    "Smiltenes novads",
    "Stopiņu novads",
    "Strenču novads",
    "Talsu novads",
    "Tērvetes novads",
    "Tukuma novads",
    "Vaiņodes novads",
    "Valkas novads",
    "Varakļānu novads",
    "Vārkavas novads",
    "Vecpiebalgas novads",
    "Vecumnieku novads",
    "Ventspils novads",
    "Viesītes novads",
    "Viļakas novads",
    "Viļānu novads",
    "Zilupes novads",
    "Daugavpils",
    "Jelgava",
    "Jēkabpils",
    "Jūrmala",
    "Liepāja",
    "Rēzekne",
    "Rīga",
    "Ventspils",
    "Valmiera"
  ],
  "LY": [
    "Banghāzī",
    "Al Buţnān",
    "Darnah",
    "Ghāt",
    "Al Jabal al Akhḑar",
    "Jaghbūb",
    "Al Jabal al Gharbī",
    "Al Jifārah",
    "Al Jufrah",
    "Al Kufrah",
    "Al Marqab",
    "Mişrātah",
    "Al Marj",
    "Murzuq",
    "Nālūt",
    "An Nuqaţ al Khams",
    "Sabhā",
    "Surt",
    "Ţarābulus",
    "Al Wāḩāt",
    "Wādī al Ḩayāt",
    "Wādī ash Shāţiʾ",
    "Az Zāwiyah"
  ],
  "MA": [
    "Tanger-Tétouan-Al Hoceïma",
    "L'Oriental",
    "Fès-Meknès",
    "Rabat-Salé-Kénitra",
    "Béni Mellal-Khénifra",
    "Casablanca-Settat",
    "Marrakech-Safi",
    "Drâa-Tafilalet",
    "Souss-Massa",
    "Guelmim-Oued Noun (EH-partial)",
    "Laâyoune-Sakia El Hamra (EH-partial)",
    "Dakhla-Oued Ed-Dahab (EH)",
    "Agadir-Ida-Ou-Tanane",
    "Aousserd (EH)",
    "Assa-Zag (EH-partial)",
    "Azilal",
    "Béni Mellal",
    "Berkane",
    "Benslimane",
    "Boujdour (EH)",
    "Boulemane",
    "Berrechid",
    "Casablanca",
    "Chefchaouen",
    "Chichaoua",
    "Chtouka-Ait Baha",
    "Driouch",
    "Errachidia",
    "Essaouira",
    "Es-Semara (EH-partial)",
    "Fahs-Anjra",
    "Fès",
    "Figuig",
    "Fquih Ben Salah",
    "Guelmim",
    "Guercif",
    "El Hajeb",
    "Al Haouz",
    "Al Hoceïma",
    "Ifrane",
    "Inezgane-Ait Melloul",
    "El Jadida",
    "Jerada",
    "Kénitra",
    "El Kelâa des Sraghna",
    "Khemisset",
    "Khenifra",
    "Khouribga",
    "Laâyoune (EH)",
    "Larache",
    "Marrakech",
    "M’diq-Fnideq",
    "Médiouna",
    "Meknès",
    "Midelt",
    "Mohammadia",
    "Moulay Yacoub",
    "Nador",
    "Nouaceur",
    "Ouarzazate",
    "Oued Ed-Dahab (EH)",
    "Oujda-Angad",
    "Ouezzane",
    "Rabat",
    "Rehamna",
    "Safi",
    "Salé",
    "Sefrou",
    "Settat",
    "Sidi Bennour",
    "Sidi Ifni",
    "Sidi Kacem",
    "Sidi Slimane",
    "Skhirate-Témara",
    "Tarfaya (EH-partial)",
    "Taourirt",
    "Taounate",
    "Taroudant",
    "Tata",
    "Taza",
    "Tétouan",
    "Tinghir",
    "Tiznit",
    "Tanger-Assilah",
    "Tan-Tan (EH-partial)",
    "Youssoufia",
    "Zagora"
  ],
  "MC": [
    "La Colle",
    "La Condamine",
    "Fontvieille",
    "La Gare",
    "Jardin Exotique",
    "Larvotto",
    "Malbousquet",
    "Monte-Carlo",
    "Moneghetti",
    "Monaco-Ville",
    "Moulins",
    "Port-Hercule",
    "Sainte-Dévote",
    "La Source",
    "Spélugues",
    "Saint-Roman",
    "Vallon de la Rousse"
  ],
  "MD": [
    "Anenii Noi",
    "Bălți",
    "Tighina",
    "Briceni",
    "Basarabeasca",
    "Cahul",
    "Călărași",
    "Cimișlia",
    "Criuleni",
    "Căușeni",
    "Cantemir",
    "Chișinău",
    "Dondușeni",
    "Drochia",
    "Dubăsari",
    "Edineț",
    "Fălești",
    "Florești",
    "Găgăuzia, Unitatea teritorială autonomă",
    "Glodeni",
    "Hîncești",
    "Ialoveni",
    "Leova",
    "Nisporeni",
    "Ocnița",
    "Orhei",
    "Rezina",
    "Rîșcani",
    "Șoldănești",
    "Sîngerei",
    "Stînga Nistrului, unitatea teritorială din",
    "Soroca",
    "Strășeni",
    "Ștefan Vodă",
    "Taraclia",
    "Telenești",
    "Ungheni"
  ],
  "ME": [
    "Andrijevica",
    "Bar",
    "Berane",
    "Bijelo Polje",
    "Budva",
    "Cetinje",
    "Danilovgrad",
    "Herceg-Novi",
    "Kolašin",
    "Kotor",
    "Mojkovac",
    "Nikšić",
    "Plav",
    "Pljevlja",
    "Plužine",
    "Podgorica",
    "Rožaje",
    "Šavnik",
    "Tivat",
    "Ulcinj",
    "Žabljak"
  ],
  "MG": [
    "Toamasina",
    "Antsiranana",
    "Fianarantsoa",
    "Mahajanga",
    "Antananarivo",
    "Toliara"
  ],
  "MH": [
    "Ailuk",
    "Ailinglaplap",
    "Arno",
    "Aur",
    "Ebon",
    "Enewetak",
    "Jabat",
    "Jaluit",
    "Kili",
    "Kwajalein",
    "Ralik chain",
    "Lae",
    "Lib",
    "Likiep",
    "Majuro",
    "Maloelap",
    "Mejit",
    "Mili",
    "Namdrik",
    "Namu",
    "Rongelap",
    "Ratak chain",
    "Ujae",
    "Utirik",
    "Wotje",
    "Wotho"
  ],
  "MK": [
    "Aerodrom",
    "Aračinovo",
    "Berovo",
    "Bitola",
    "Bogdanci",
    "Bogovinje",
    "Bosilovo",
    "Brvenica",
    "Butel",
    "Valandovo",
    "Vasilevo",
    "Vevčani",
    "Veles",
    "Vinica",
    "Vraneštica",
    "Vrapčište",
    "Gazi Baba",
    "Gevgelija",
    "Gostivar",
    "Gradsko",
    "Debar",
    "Debarca",
    "Delčevo",
    "Demir Kapija",
    "Demir Hisar",
    "Dojran",
    "Dolneni",
    "Drugovo",
    "Gjorče Petrov",
    "Želino",
    "Zajas",
    "Zelenikovo",
    "Zrnovci",
    "Ilinden",
    "Jegunovce",
    "Kavadarci",
    "Karbinci",
    "Karpoš",
    "Kisela Voda",
    "Kičevo",
    "Konče",
    "Kočani",
    "Kratovo",
    "Kriva Palanka",
    "Krivogaštani",
    "Kruševo",
    "Kumanovo",
    "Lipkovo",
    "Lozovo",
    "Mavrovo-i-Rostuša",
    "Makedonska Kamenica",
    "Makedonski Brod",
    "Mogila",
    "Negotino",
    "Novaci",
    "Novo Selo",
    "Oslomej",
    "Ohrid",
    "Petrovec",
    "Pehčevo",
    "Plasnica",
    "Prilep",
    "Probištip",
    "Radoviš",
    "Rankovce",
    "Resen",
    "Rosoman",
    "Saraj",
    "Sveti Nikole",
    "Sopište",
    "Staro Nagoričane",
    "Struga",
    "Strumica",
    "Studeničani",
    "Tearce",
    "Tetovo",
    "Centar",
    "Centar Župa",
    "Čair",
    "Čaška",
    "Češinovo-Obleševo",
    "Čučer Sandevo",
    "Štip",
    "Šuto Orizari"
  ],
  "ML": [
    "Kayes",
    "Koulikoro",
    "Sikasso",
    "Ségou",
    "Mopti",
    "Tombouctou",
    "Gao",
    "Kidal",
    "Bamako"
  ],
  "MM": [
    "Sagaing",
    "Bago",
    "Magway",
    "Mandalay",
    "Tanintharyi",
    "Yangon",
    "Ayeyarwady",
    "Kachin",
    "Kayah",
    "Kayin",
    "Chin",
    "Mon",
    "Rakhine",
    "Shan"
  ],
  "MN": [
    "Orhon",
    "Darhan uul",
    "Hentiy",
    "Hövsgöl",
    "Hovd",
    "Uvs",
    "Töv",
    "Selenge",
    "Sühbaatar",
    "Ömnögovi",
    "Övörhangay",
    "Dzavhan",
    "Dundgovi",
    "Dornod",
    "Dornogovi",
    "Govi-Sumber",
    "Govi-Altay",
    "Bulgan",
    "Bayanhongor",
    "Bayan-Ölgiy",
    "Arhangay",
    "Ulanbaatar"
  ],
  "MR": [
    "Hodh ech Chargui",
    "Hodh el Charbi",
    "Assaba",
    "Gorgol",
    "Brakna",
    "Trarza",
    "Adrar",
    "Dakhlet Nouadhibou",
    "Tagant",
    "Guidimaka",
    "Tiris Zemmour",
    "Inchiri",
    "Nouakchott"
  ],
  "MT": [
    "Attard",
    "Balzan",
    "Birgu",
    "Birkirkara",
    "Birżebbuġa",
    "Bormla",
    "Dingli",
    "Fgura",
    "Floriana",
    "Fontana",
    "Gudja",
    "Gżira",
    "Għajnsielem",
    "Għarb",
    "Għargħur",
    "Għasri",
    "Għaxaq",
    "Ħamrun",
    "Iklin",
    "Isla",
    "Kalkara",
    "Kerċem",
    "Kirkop",
    "Lija",
    "Luqa",
    "Marsa",
    "Marsaskala",
    "Marsaxlokk",
    "Mdina",
    "Mellieħa",
    "Mġarr",
    "Mosta",
    "Mqabba",
    "Msida",
    "Mtarfa",
    "Munxar",
    "Nadur",
    "Naxxar",
    "Paola",
    "Pembroke",
    "Pietà",
    "Qala",
    "Qormi",
    "Qrendi",
    "Rabat Għawdex",
    "Rabat Malta",
    "Safi",
    "San Ġiljan",
    "San Ġwann",
    "San Lawrenz",
    "San Pawl il-Baħar",
    "Sannat",
    "Santa Luċija",
    "Santa Venera",
    "Siġġiewi",
    "Sliema",
    "Swieqi",
    "Ta’ Xbiex",
    "Tarxien",
    "Valletta",
    "Xagħra",
    "Xewkija",
    "Xgħajra",
    "Żabbar",
    "Żebbuġ Għawdex",
    "Żebbuġ Malta",
    "Żejtun",
    "Żurrieq"
  ],
  "MU": [
    "Agalega Islands",
    "Black River",
    "Beau Bassin-Rose Hill",
    "Cargados Carajos Shoals",
    "Curepipe",
    "Flacq",
    "Grand Port",
    "Moka",
    "Pamplemousses",
    "Port Louis",
    "Plaines Wilhems",
    "Quatre Bornes",
    "Rodrigues Island",
    "Rivière du Rempart",
    "Savanne",
    "Vacoas-Phoenix"
  ],
  "MV": [
    "Alifu Dhaalu",
    "Seenu",
    "Alifu Alifu",
    "Lhaviyani",
    "Vaavu",
    "Laamu",
    "Haa Alifu",
    "Thaa",
    "Meemu",
    "Raa",
    "Faafu",
    "Dhaalu",
    "Baa",
    "Haa Dhaalu",
    "Shaviyani",
    "Noonu",
    "Kaafu",
    "Gaafu Alifu",
    "Gaafu Dhaalu",
    "Gnaviyani",
    "Central",
    "Male",
    "North Central",
    "North",
    "South Central",
    "South",
    "Upper North",
    "Upper South"
  ],
  "MW": [
    "Balaka",
    "Blantyre",
    "Central Region",
    "Chikwawa",
    "Chiradzulu",
    "Chitipa",
    "Dedza",
    "Dowa",
    "Karonga",
    "Kasungu",
    "Lilongwe",
    "Likoma",
    "Mchinji",
    "Mangochi",
    "Machinga",
    "Mulanje",
    "Mwanza",
    "Mzimba",
    "Northern Region",
    "Nkhata Bay",
    "Neno",
    "Ntchisi",
    "Nkhotakota",
    "Nsanje",
    "Ntcheu",
    "Phalombe",
    "Rumphi",
    "Southern Region",
    "Salima",
    "Thyolo",
    "Zomba"
  ],
  "MX": [
    "Aguascalientes",
    "Baja California",
    "Baja California Sur",
    "Campeche",
    "Chihuahua",
    "Chiapas",
    "Ciudad de México",
    "Coahuila de Zaragoza",
    "Colima",
    "Durango",
    "Guerrero",
    "Guanajuato",
    "Hidalgo",
    "Jalisco",
    "México",
    "Michoacán de Ocampo",
    "Morelos",
    "Nayarit",
    "Nuevo León",
    "Oaxaca",
    "Puebla",
    "Querétaro",
    "Quintana Roo",
    "Sinaloa",
    "San Luis Potosí",
    "Sonora",
    "Tabasco",
    "Tamaulipas",
    "Tlaxcala",
    "Veracruz de Ignacio de la Llave",
    "Yucatán",
    "Zacatecas"
  ],
  "MY": [
    "Johor",
    "Kedah",
    "Kelantan",
    "Melaka",
    "Negeri Sembilan",
    "Pahang",
    "Pulau Pinang",
    "Perak",
    "Perlis",
    "Selangor",
    "Terengganu",
    "Sabah",
    "Sarawak",
    "Wilayah Persekutuan Kuala Lumpur",
    "Wilayah Persekutuan Labuan",
    "Wilayah Persekutuan Putrajaya"
  ],
  "MZ": [
    "Niassa",
    "Manica",
    "Gaza",
    "Inhambane",
    "Maputo",
    "Maputo (city)",
    "Numpula",
    "Cabo Delgado",
    "Zambezia",
    "Sofala",
    "Tete"
  ],
  "NA": [
    "Caprivi",
    "Erongo",
    "Hardap",
    "Karas",
    "Khomas",
    "Kunene",
    "Otjozondjupa",
    "Omaheke",
    "Okavango",
    "Oshana",
    "Omusati",
    "Oshikoto",
    "Ohangwena"
  ],
  "NE": [
    "Agadez",
    "Diffa",
    "Dosso",
    "Maradi",
    "Tahoua",
    "Tillabéri",
    "Zinder",
    "Niamey"
  ],
  "NG": [
    "Abia",
    "Adamawa",
    "Akwa Ibom",
    "Anambra",
    "Bauchi",
    "Benue",
    "Borno",
    "Bayelsa",
    "Cross River",
    "Delta",
    "Ebonyi",
    "Edo",
    "Ekiti",
    "Enugu",
    "Abuja Capital Territory",
    "Gombe",
    "Imo",
    "Jigawa",
    "Kaduna",
    "Kebbi",
    "Kano",
    "Kogi",
    "Katsina",
    "Kwara",
    "Lagos",
    "Nassarawa",
    "Niger",
    "Ogun",
    "Ondo",
    "Osun",
    "Oyo",
    "Plateau",
    "Rivers",
    "Sokoto",
    "Taraba",
    "Yobe",
    "Zamfara"
  ],
  "NI": [
    "Atlántico Norte",
    "Atlántico Sur",
    "Boaco",
    "Carazo",
    "Chinandega",
    "Chontales",
    "Estelí",
    "Granada",
    "Jinotega",
    "León",
    "Madriz",
    "Managua",
    "Masaya",
    "Matagalpa",
    "Nueva Segovia",
    "Rivas",
    "Río San Juan"
  ],
  "NL": [
    "Aruba",
    "Bonaire",
    "Saba",
    "Sint Eustatius",
    "Curaçao",
    "Drenthe",
    "Flevoland",
    "Friesland",
    "Gelderland",
    "Groningen",
    "Limburg",
    "Noord-Brabant",
    "Noord-Holland",
    "Overijssel",
    "Sint Maarten",
    "Utrecht",
    "Zeeland",
    "Zuid-Holland"
  ],
  "NO": [
    "Østfold",
    "Akershus",
    "Oslo",
    "Hedmark",
    "Oppland",
    "Buskerud",
    "Vestfold",
    "Telemark",
    "Aust-Agder",
    "Vest-Agder",
    "Rogaland",
    "Hordaland",
    "Sogn og Fjordane",
    "Møre og Romsdal",
    "Nordland",
    "Troms",
    "Finnmark",
    "Svalbard (Arctic Region)",
    "Jan Mayen (Arctic Region)",
    "Trøndelag"
  ],
  "NP": [
    "Madhyamanchal",
    "Madhya Pashchimanchal",
    "Pashchimanchal",
    "Purwanchal",
    "Sudur Pashchimanchal",
    "Bagmati",
    "Bheri",
    "Dhawalagiri",
    "Gandaki",
    "Janakpur",
    "Karnali",
    "Kosi",
    "Lumbini",
    "Mahakali",
    "Mechi",
    "Narayani",
    "Rapti",
    "Sagarmatha",
    "Seti"
  ],
  "NR": [
    "Aiwo",
    "Anabar",
    "Anetan",
    "Anibare",
    "Baiti",
    "Boe",
    "Buada",
    "Denigomodu",
    "Ewa",
    "Ijuw",
    "Meneng",
    "Nibok",
    "Uaboe",
    "Yaren"
  ],
  "NZ": [
    "Auckland",
    "Bay of Plenty",
    "Canterbury",
    "Chatham Islands Territory",
    "Gisborne District",
    "Hawke's Bay",
    "Marlborough District",
    "Manawatu-Wanganui",
    "North Island",
    "Nelson City",
    "Northland",
    "Otago",
    "South Island",
    "Southland",
    "Tasman District",
    "Taranaki",
    "Wellington",
    "Waikato",
    "West Coast"
  ],
  "OM": [
    "Al Bāţinah",
    "Al Buraymī",
    "Ad Dākhilīya",
    "Masqaţ",
    "Musandam",
    "Ash Sharqīyah",
    "Al Wusţá",
    "Az̧ Z̧āhirah",
    "Z̧ufār"
  ],
  "PA": [
    "Bocas del Toro",
    "Coclé",
    "Colón",
    "Chiriquí",
    "Darién",
    "Herrera",
    "Los Santos",
    "Panamá",
    "Veraguas",
    "Emberá",
    "Kuna Yala",
    "Ngöbe-Buglé"
  ],
  "PE": [
    "Amazonas",
    "Ancash",
    "Apurímac",
    "Arequipa",
    "Ayacucho",
    "Cajamarca",
    "El Callao",
    "Cusco [Cuzco]",
    "Huánuco",
    "Huancavelica",
    "Ica",
    "Junín",
    "La Libertad",
    "Lambayeque",
    "Lima",
    "Municipalidad Metropolitana de Lima",
    "Loreto",
    "Madre de Dios",
    "Moquegua",
    "Pasco",
    "Piura",
    "Puno",
    "San Martín",
    "Tacna",
    "Tumbes",
    "Ucayali"
  ],
  "PG": [
    "Chimbu",
    "Central",
    "East New Britain",
    "Eastern Highlands",
    "Enga",
    "East Sepik",
    "Gulf",
    "Milne Bay",
    "Morobe",
    "Madang",
    "Manus",
    "National Capital District (Port Moresby)",
    "New Ireland",
    "Northern",
    "Bougainville",
    "Sandaun",
    "Southern Highlands",
    "West New Britain",
    "Western Highlands",
    "Western"
  ],
  "PH": [
    "National Capital Region",
    "Ilocos (Region I)",
    "Cagayan Valley (Region II)",
    "Central Luzon (Region III)",
    "Bicol (Region V)",
    "Western Visayas (Region VI)",
    "Central Visayas (Region VII)",
    "Eastern Visayas (Region VIII)",
    "Zamboanga Peninsula (Region IX)",
    "Northern Mindanao (Region X)",
    "Davao (Region XI)",
    "Soccsksargen (Region XII)",
    "Caraga (Region XIII)",
    "Autonomous Region in Muslim Mindanao (ARMM)",
    "Cordillera Administrative Region (CAR)",
    "CALABARZON (Region IV-A)",
    "MIMAROPA (Region IV-B)",
    "Abra",
    "Agusan del Norte",
    "Agusan del Sur",
    "Aklan",
    "Albay",
    "Antique",
    "Apayao",
    "Aurora",
    "Batasn",
    "Basilan",
    "Benguet",
    "Biliran",
    "Bohol",
    "Batangas",
    "Batanes",
    "Bukidnon",
    "Bulacan",
    "Cagayan",
    "Camiguin",
    "Camarines Norte",
    "Capiz",
    "Camarines Sur",
    "Catanduanes",
    "Cavite",
    "Cebu",
    "Compostela Valley",
    "Davao Oriental",
    "Davao del Sur",
    "Davao del Norte",
    "Dinagat Islands",
    "Eastern Samar",
    "Guimaras",
    "Ifugao",
    "Iloilo",
    "Ilocos Norte",
    "Ilocos Sur",
    "Isabela",
    "Kalinga-Apayso",
    "Laguna",
    "Lanao del Norte",
    "Lanao del Sur",
    "Leyte",
    "La Union",
    "Marinduque",
    "Maguindanao",
    "Masbate",
    "Mindoro Occidental",
    "Mindoro Oriental",
    "Mountain Province",
    "Misamis Occidental",
    "Misamis Oriental",
    "North Cotabato",
    "Negros Occidental",
    "Negros Oriental",
    "Northern Samar",
    "Nueva Ecija",
    "Nueva Vizcaya",
    "Pampanga",
    "Pangasinan",
    "Palawan",
    "Quezon",
    "Quirino",
    "Rizal",
    "Romblon",
    "Sarangani",
    "South Cotabato",
    "Siquijor",
    "Southern Leyte",
    "Sulu",
    "Sorsogon",
    "Sultan Kudarat",
    "Surigao del Norte",
    "Surigao del Sur",
    "Tarlac",
    "Tawi-Tawi",
    "Western Samar",
    "Zamboanga del Norte",
    "Zamboanga del Sur",
    "Zambales",
    "Zamboanga Sibugay"
  ],
  "PK": [
    "Balochistan",
    "Gilgit-Baltistan",
    "Islamabad",
    "Azad Kashmir",
    "Khyber Pakhtunkhwa",
    "Punjab",
    "Sindh",
    "Federally Administered Tribal Areas"
  ],
  "PL": [
    "Dolnośląskie",
    "Kujawsko-pomorskie",
    "Lubuskie",
    "Łódzkie",
    "Lubelskie",
    "Małopolskie",
    "Mazowieckie",
    "Opolskie",
    "Podlaskie",
    "Podkarpackie",
    "Pomorskie",
    "Świętokrzyskie",
    "Śląskie",
    "Warmińsko-mazurskie",
    "Wielkopolskie",
    "Zachodniopomorskie"
  ],
  "PS": [
    "Bethlehem",
    "Deir El Balah",
    "Gaza",
    "Hebron",
    "Jerusalem",
    "Jenin",
    "Jericho - Al Aghwar",
    "Khan Yunis",
    "Nablus",
    "North Gaza",
    "Qalqilya",
    "Ramallah",
    "Rafah",
    "Salfit",
    "Tubas",
    "Tulkarm"
  ],
  "PT": [
    "Aveiro",
    "Beja",
    "Braga",
    "Bragança",
    "Castelo Branco",
    "Coimbra",
    "Évora",
    "Faro",
    "Guarda",
    "Leiria",
    "Lisboa",
    "Portalegre",
    "Porto",
    "Santarém",
    "Setúbal",
    "Viana do Castelo",
    "Vila Real",
    "Viseu",
    "Região Autónoma dos Açores",
    "Região Autónoma da Madeira"
  ],
  "PW": [
    "Aimeliik",
    "Airai",
    "Angaur",
    "Hatobohei",
    "Kayangel",
    "Koror",
    "Melekeok",
    "Ngaraard",
    "Ngarchelong",
    "Ngardmau",
    "Ngatpang",
    "Ngchesar",
    "Ngeremlengui",
    "Ngiwal",
    "Peleliu",
    "Sonsorol"
  ],
  "PY": [
    "Concepción",
    "Alto Paraná",
    "Central",
    "Ñeembucú",
    "Amambay",
    "Canindeyú",
    "Presidente Hayes",
    "Alto Paraguay",
    "Boquerón",
    "San Pedro",
    "Cordillera",
    "Guairá",
    "Caaguazú",
    "Caazapá",
    "Itapúa",
    "Misiones",
    "Paraguarí",
    "Asunción"
  ],
  "QA": [
    "Ad Dawhah",
    "Al Khawr wa adh Dhakhīrah",
    "Ash Shamal",
    "Ar Rayyan",
    "Umm Salal",
    "Al Wakrah",
    "Az̧ Z̧a‘āyin"
  ],
  "RO": [
    "Alba",
    "Argeș",
    "Arad",
    "București",
    "Bacău",
    "Bihor",
    "Bistrița-Năsăud",
    "Brăila",
    "Botoșani",
    "Brașov",
    "Buzău",
    "Cluj",
    "Călărași",
    "Caraș-Severin",
    "Constanța",
    "Covasna",
    "Dâmbovița",
    "Dolj",
    "Gorj",
    "Galați",
    "Giurgiu",
    "Hunedoara",
    "Harghita",
    "Ilfov",
    "Ialomița",
    "Iași",
    "Mehedinți",
    "Maramureș",
    "Mureș",
    "Neamț",
    "Olt",
    "Prahova",
    "Sibiu",
    "Sălaj",
    "Satu Mare",
    "Suceava",
    "Tulcea",
    "Timiș",
    "Teleorman",
    "Vâlcea",
    "Vrancea",
    "Vaslui"
  ],
  "RS": [
    "Beograd",
    "Severnobački okrug",
    "Srednjebanatski okrug",
    "Severnobanatski okrug",
    "Južnobanatski okrug",
    "Zapadnobački okrug",
    "Južnobački okrug",
    "Sremski okrug",
    "Mačvanski okrug",
    "Kolubarski okrug",
    "Podunavski okrug",
    "Braničevski okrug",
    "Šumadijski okrug",
    "Pomoravski okrug",
    "Borski okrug",
    "Zaječarski okrug",
    "Zlatiborski okrug",
    "Moravički okrug",
    "Raški okrug",
    "Rasinski okrug",
    "Nišavski okrug",
    "Toplički okrug",
    "Pirotski okrug",
    "Jablanički okrug",
    "Pčinjski okrug",
    "Kosovski okrug",
    "Pećki okrug",
    "Prizrenski okrug",
    "Kosovsko-Mitrovački okrug",
    "Kosovsko-Pomoravski okrug",
    "Kosovo-Metohija",
    "Vojvodina"
  ],
  "RU": [
    "Adygeya, Respublika",
    "Altay, Respublika",
    "Altayskiy kray",
    "Amurskaya oblast'",
    "Arkhangel'skaya oblast'",
    "Astrakhanskaya oblast'",
    "Bashkortostan, Respublika",
    "Belgorodskaya oblast'",
    "Bryanskaya oblast'",
    "Buryatiya, Respublika",
    "Chechenskaya Respublika",
    "Chelyabinskaya oblast'",
    "Chukotskiy avtonomnyy okrug",
    "Chuvashskaya Respublika",
    "Dagestan, Respublika",
    "Respublika Ingushetiya",
    "Irkutiskaya oblast'",
    "Ivanovskaya oblast'",
    "Kamchatskiy kray",
    "Kabardino-Balkarskaya Respublika",
    "Karachayevo-Cherkesskaya Respublika",
    "Krasnodarskiy kray",
    "Kemerovskaya oblast'",
    "Kaliningradskaya oblast'",
    "Kurganskaya oblast'",
    "Khabarovskiy kray",
    "Khanty-Mansiysky avtonomnyy okrug-Yugra",
    "Kirovskaya oblast'",
    "Khakasiya, Respublika",
    "Kalmykiya, Respublika",
    "Kaluzhskaya oblast'",
    "Komi, Respublika",
    "Kostromskaya oblast'",
    "Kareliya, Respublika",
    "Kurskaya oblast'",
    "Krasnoyarskiy kray",
    "Leningradskaya oblast'",
    "Lipetskaya oblast'",
    "Magadanskaya oblast'",
    "Mariy El, Respublika",
    "Mordoviya, Respublika",
    "Moskovskaya oblast'",
    "Moskva",
    "Murmanskaya oblast'",
    "Nenetskiy avtonomnyy okrug",
    "Novgorodskaya oblast'",
    "Nizhegorodskaya oblast'",
    "Novosibirskaya oblast'",
    "Omskaya oblast'",
    "Orenburgskaya oblast'",
    "Orlovskaya oblast'",
    "Permskiy kray",
    "Penzenskaya oblast'",
    "Primorskiy kray",
    "Pskovskaya oblast'",
    "Rostovskaya oblast'",
    "Ryazanskaya oblast'",
    "Sakha, Respublika [Yakutiya]",
    "Sakhalinskaya oblast'",
    "Samaraskaya oblast'",
    "Saratovskaya oblast'",
    "Severnaya Osetiya-Alaniya, Respublika",
    "Smolenskaya oblast'",
    "Sankt-Peterburg",
    "Stavropol'skiy kray",
    "Sverdlovskaya oblast'",
    "Tatarstan, Respublika",
    "Tambovskaya oblast'",
    "Tomskaya oblast'",
    "Tul'skaya oblast'",
    "Tverskaya oblast'",
    "Tyva, Respublika [Tuva]",
    "Tyumenskaya oblast'",
    "Udmurtskaya Respublika",
    "Ul'yanovskaya oblast'",
    "Volgogradskaya oblast'",
    "Vladimirskaya oblast'",
    "Vologodskaya oblast'",
    "Voronezhskaya oblast'",
    "Yamalo-Nenetskiy avtonomnyy okrug",
    "Yaroslavskaya oblast'",
    "Yevreyskaya avtonomnaya oblast'",
    "Zabajkal'skij kraj"
  ],
  "RW": [
    "Ville de Kigali",
    "Est",
    "Nord",
    "Ouest",
    "Sud"
  ],
  "SA": [
    "Ar Riyāḍ",
    "Makkah",
    "Al Madīnah",
    "Ash Sharqīyah",
    "Al Qaşīm",
    "Ḥā'il",
    "Tabūk",
    "Al Ḥudūd ash Shamāliyah",
    "Jīzan",
    "Najrān",
    "Al Bāhah",
    "Al Jawf",
    "`Asīr"
  ],
  "SB": [
    "Central",
    "Choiseul",
    "Capital Territory (Honiara)",
    "Guadalcanal",
    "Isabel",
    "Makira",
    "Malaita",
    "Rennell and Bellona",
    "Temotu",
    "Western"
  ],
  "SC": [
    "Anse aux Pins",
    "Anse Boileau",
    "Anse Etoile",
    "Anse Louis",
    "Anse Royale",
    "Baie Lazare",
    "Baie Sainte Anne",
    "Beau Vallon",
    "Bel Air",
    "Bel Ombre",
    "Cascade",
    "Glacis",
    "Grand Anse Mahe",
    "Grand Anse Praslin",
    "La Digue",
    "English River",
    "Mont Buxton",
    "Mont Fleuri",
    "Plaisance",
    "Pointe Larue",
    "Port Glaud",
    "Saint Louis",
    "Takamaka",
    "Les Mamelles",
    "Roche Caiman"
  ],
  "SD": [
    "Zalingei",
    "Sharq Dārfūr",
    "Shamāl Dārfūr",
    "Janūb Dārfūr",
    "Gharb Dārfūr",
    "Al Qaḑārif",
    "Al Jazīrah",
    "Kassalā",
    "Al Kharţūm",
    "Shamāl Kurdufān",
    "Janūb Kurdufān",
    "An Nīl al Azraq",
    "Ash Shamālīyah",
    "An Nīl",
    "An Nīl al Abyaḑ",
    "Al Baḩr al Aḩmar",
    "Sinnār"
  ],
  "SE": [
    "Stockholms län",
    "Västerbottens län",
    "Norrbottens län",
    "Uppsala län",
    "Södermanlands län",
    "Östergötlands län",
    "Jönköpings län",
    "Kronobergs län",
    "Kalmar län",
    "Gotlands län",
    "Blekinge län",
    "Skåne län",
    "Hallands län",
    "Västra Götalands län",
    "Värmlands län",
    "Örebro län",
    "Västmanlands län",
    "Dalarnas län",
    "Gävleborgs län",
    "Västernorrlands län",
    "Jämtlands län"
  ],
  "SG": [
    "Central Singapore",
    "North East",
    "North West",
    "South East",
    "South West"
  ],
  "SH": [
    "Ascension",
    "Saint Helena",
    "Tristan da Cunha"
  ],
  "SI": [
    "Ajdovščina",
    "Beltinci",
    "Bled",
    "Bohinj",
    "Borovnica",
    "Bovec",
    "Brda",
    "Brezovica",
    "Brežice",
    "Tišina",
    "Celje",
    "Cerklje na Gorenjskem",
    "Cerknica",
    "Cerkno",
    "Črenšovci",
    "Črna na Koroškem",
    "Črnomelj",
    "Destrnik",
    "Divača",
    "Dobrepolje",
    "Dobrova-Polhov Gradec",
    "Dol pri Ljubljani",
    "Domžale",
    "Dornava",
    "Dravograd",
    "Duplek",
    "Gorenja vas-Poljane",
    "Gorišnica",
    "Gornja Radgona",
    "Gornji Grad",
    "Gornji Petrovci",
    "Grosuplje",
    "Šalovci",
    "Hrastnik",
    "Hrpelje-Kozina",
    "Idrija",
    "Ig",
    "Ilirska Bistrica",
    "Ivančna Gorica",
    "Izola/Isola",
    "Jesenice",
    "Juršinci",
    "Kamnik",
    "Kanal",
    "Kidričevo",
    "Kobarid",
    "Kobilje",
    "Kočevje",
    "Komen",
    "Koper/Capodistria",
    "Kozje",
    "Kranj",
    "Kranjska Gora",
    "Krško",
    "Kungota",
    "Kuzma",
    "Laško",
    "Lenart",
    "Lendava/Lendva",
    "Litija",
    "Ljubljana",
    "Ljubno",
    "Ljutomer",
    "Logatec",
    "Loška dolina",
    "Loški Potok",
    "Luče",
    "Lukovica",
    "Majšperk",
    "Maribor",
    "Medvode",
    "Mengeš",
    "Metlika",
    "Mežica",
    "Miren-Kostanjevica",
    "Mislinja",
    "Moravče",
    "Moravske Toplice",
    "Mozirje",
    "Murska Sobota",
    "Muta",
    "Naklo",
    "Nazarje",
    "Nova Gorica",
    "Novo mesto",
    "Odranci",
    "Ormož",
    "Osilnica",
    "Pesnica",
    "Piran/Pirano",
    "Pivka",
    "Podčetrtek",
    "Podvelka",
    "Postojna",
    "Preddvor",
    "Ptuj",
    "Puconci",
    "Rače-Fram",
    "Radeče",
    "Radenci",
    "Radlje ob Dravi",
    "Radovljica",
    "Ravne na Koroškem",
    "Ribnica",
    "Rogašovci",
    "Rogaška Slatina",
    "Rogatec",
    "Ruše",
    "Semič",
    "Sevnica",
    "Sežana",
    "Slovenj Gradec",
    "Slovenska Bistrica",
    "Slovenske Konjice",
    "Starče",
    "Sveti Jurij",
    "Šenčur",
    "Šentilj",
    "Šentjernej",
    "Šentjur",
    "Škocjan",
    "Škofja Loka",
    "Škofljica",
    "Šmarje pri Jelšah",
    "Šmartno ob Paki",
    "Šoštanj",
    "Štore",
    "Tolmin",
    "Trbovlje",
    "Trebnje",
    "Tržič",
    "Turnišče",
    "Velenje",
    "Velike Lašče",
    "Videm",
    "Vipava",
    "Vitanje",
    "Vodice",
    "Vojnik",
    "Vrhnika",
    "Vuzenica",
    "Zagorje ob Savi",
    "Zavrč",
    "Zreče",
    "Železniki",
    "Žiri",
    "Benedikt",
    "Bistrica ob Sotli",
    "Bloke",
    "Braslovče",
    "Cankova",
    "Cerkvenjak",
    "Dobje",
    "Dobrna",
    "Dobrovnik/Dobronak",
    "Dolenjske Toplice",
    "Grad",
    "Hajdina",
    "Hoče-Slivnica",
    "Hodoš/Hodos",
    "Horjul",
    "Jezersko",
    "Komenda",
    "Kostel",
    "Križevci",
    "Lovrenc na Pohorju",
    "Markovci",
    "Miklavž na Dravskem polju",
    "Mirna Peč",
    "Oplotnica",
    "Podlehnik",
    "Polzela",
    "Prebold",
    "Prevalje",
    "Razkrižje",
    "Ribnica na Pohorju",
    "Selnica ob Dravi",
    "Sodražica",
    "Solčava",
    "Sveta Ana",
    "Sveta Andraž v Slovenskih Goricah",
    "Šempeter-Vrtojba",
    "Tabor",
    "Trnovska vas",
    "Trzin",
    "Velika Polana",
    "Veržej",
    "Vransko",
    "Žalec",
    "Žetale",
    "Žirovnica",
    "Žužemberk",
    "Šmartno pri Litiji",
    "Apače",
    "Cirkulane",
    "Kosanjevica na Krki",
    "Makole",
    "Mokronog-Trebelno",
    "Poljčane",
    "Renče-Vogrsko",
    "Središče ob Dravi",
    "Straža",
    "Sveta Trojica v Slovenskih Goricah",
    "Sveti Tomaž",
    "Šmarjeske Topliče",
    "Gorje",
    "Log-Dragomer",
    "Rečica ob Savinji",
    "Sveti Jurij v Slovenskih Goricah",
    "Šentrupert"
  ],
  "SK": [
    "Banskobystrický kraj",
    "Bratislavský kraj",
    "Košický kraj",
    "Nitriansky kraj",
    "Prešovský kraj",
    "Trnavský kraj",
    "Trenčiansky kraj",
    "Žilinský kraj"
  ],
  "SL": [
    "Eastern",
    "Northern",
    "Southern (Sierra Leone)",
    "Western Area (Freetown)"
  ],
  "SM": [
    "Acquaviva",
    "Chiesanuova",
    "Domagnano",
    "Faetano",
    "Fiorentino",
    "Borgo Maggiore",
    "San Marino",
    "Montegiardino",
    "Serravalle"
  ],
  "SN": [
    "Diourbel",
    "Dakar",
    "Fatick",
    "Kaffrine",
    "Kolda",
    "Kédougou",
    "Kaolack",
    "Louga",
    "Matam",
    "Sédhiou",
    "Saint-Louis",
    "Tambacounda",
    "Thiès",
    "Ziguinchor"
  ],
  "SO": [
    "Awdal",
    "Bakool",
    "Banaadir",
    "Bari",
    "Bay",
    "Galguduud",
    "Gedo",
    "Hiirsan",
    "Jubbada Dhexe",
    "Jubbada Hoose",
    "Mudug",
    "Nugaal",
    "Saneag",
    "Shabeellaha Dhexe",
    "Shabeellaha Hoose",
    "Sool",
    "Togdheer",
    "Woqooyi Galbeed"
  ],
  "SR": [
    "Brokopondo",
    "Commewijne",
    "Coronie",
    "Marowijne",
    "Nickerie",
    "Paramaribo",
    "Para",
    "Saramacca",
    "Sipaliwini",
    "Wanica"
  ],
  "SS": [
    "Northern Bahr el Ghazal",
    "Western Bahr el Ghazal",
    "Central Equatoria",
    "Eastern Equatoria",
    "Western Equatoria",
    "Jonglei",
    "Lakes",
    "Upper Nile",
    "Unity",
    "Warrap"
  ],
  "ST": [
    "Príncipe",
    "São Tomé"
  ],
  "SV": [
    "Ahuachapán",
    "Cabañas",
    "Chalatenango",
    "Cuscatlán",
    "La Libertad",
    "Morazán",
    "La Paz",
    "Santa Ana",
    "San Miguel",
    "Sonsonate",
    "San Salvador",
    "San Vicente",
    "La Unión",
    "Usulután"
  ],
  "SY": [
    "Dimashq",
    "Dar'a",
    "Dayr az Zawr",
    "Al Hasakah",
    "Homs",
    "Halab",
    "Hamah",
    "Idlib",
    "Al Ladhiqiyah",
    "Al Qunaytirah",
    "Ar Raqqah",
    "Rif Dimashq",
    "As Suwayda'",
    "Tartus"
  ],
  "SZ": [
    "Hhohho",
    "Lubombo",
    "Manzini",
    "Shiselweni"
  ],
  "TD": [
    "Al Baṭḩah",
    "Baḩr al Ghazāl",
    "Būrkū",
    "Shārī Bāqirmī",
    "Innīdī",
    "Qīrā",
    "Ḥajjar Lamīs",
    "Kānim",
    "Al Buḩayrah",
    "Lūqūn al Gharbī",
    "Lūqūn ash Sharqī",
    "Māndūl",
    "Shārī al Awsaṭ",
    "Māyū Kībbī ash Sharqī",
    "Māyū Kībbī al Gharbī",
    "Madīnat Injamīnā",
    "Waddāy",
    "Salāmāt",
    "Sīlā",
    "Tānjilī",
    "Tibastī",
    "Wādī Fīrā"
  ],
  "TG": [
    "Région du Centre",
    "Région de la Kara",
    "Région Maritime",
    "Région des Plateaux",
    "Région des Savannes"
  ],
  "TH": [
    "Krung Thep Maha Nakhon Bangkok",
    "Samut Prakan",
    "Nonthaburi",
    "Pathum Thani",
    "Phra Nakhon Si Ayutthaya",
    "Ang Thong",
    "Lop Buri",
    "Sing Buri",
    "Chai Nat",
    "Saraburi",
    "Chon Buri",
    "Rayong",
    "Chanthaburi",
    "Trat",
    "Chachoengsao",
    "Prachin Buri",
    "Nakhon Nayok",
    "Sa Kaeo",
    "Nakhon Ratchasima",
    "Buri Ram",
    "Surin",
    "Si Sa Ket",
    "Ubon Ratchathani",
    "Yasothon",
    "Chaiyaphum",
    "Amnat Charoen",
    "Nong Bua Lam Phu",
    "Khon Kaen",
    "Udon Thani",
    "Loei",
    "Nong Khai",
    "Maha Sarakham",
    "Roi Et",
    "Kalasin",
    "Sakon Nakhon",
    "Nakhon Phanom",
    "Mukdahan",
    "Chiang Mai",
    "Lamphun",
    "Lampang",
    "Uttaradit",
    "Phrae",
    "Nan",
    "Phayao",
    "Chiang Rai",
    "Mae Hong Son",
    "Nakhon Sawan",
    "Uthai Thani",
    "Kamphaeng Phet",
    "Tak",
    "Sukhothai",
    "Phitsanulok",
    "Phichit",
    "Phetchabun",
    "Ratchaburi",
    "Kanchanaburi",
    "Suphan Buri",
    "Nakhon Pathom",
    "Samut Sakhon",
    "Samut Songkhram",
    "Phetchaburi",
    "Prachuap Khiri Khan",
    "Nakhon Si Thammarat",
    "Krabi",
    "Phangnga",
    "Phuket",
    "Surat Thani",
    "Ranong",
    "Chumphon",
    "Songkhla",
    "Satun",
    "Trang",
    "Phatthalung",
    "Pattani",
    "Yala",
    "Narathiwat",
    "Phatthaya"
  ],
  "TJ": [
    "Gorno-Badakhshan",
    "Khatlon",
    "Sughd"
  ],
  "TL": [
    "Aileu",
    "Ainaro",
    "Baucau",
    "Bobonaro",
    "Cova Lima",
    "Díli",
    "Ermera",
    "Lautem",
    "Liquiça",
    "Manufahi",
    "Manatuto",
    "Oecussi",
    "Viqueque"
  ],
  "TM": [
    "Ahal",
    "Balkan",
    "Daşoguz",
    "Lebap",
    "Mary",
    "Aşgabat"
  ],
  "TN": [
    "Tunis",
    "Ariana",
    "Ben Arous",
    "La Manouba",
    "Nabeul",
    "Zaghouan",
    "Bizerte",
    "Béja",
    "Jendouba",
    "Le Kef",
    "Siliana",
    "Kairouan",
    "Kasserine",
    "Sidi Bouzid",
    "Sousse",
    "Monastir",
    "Mahdia",
    "Sfax",
    "Gafsa",
    "Tozeur",
    "Kebili",
    "Gabès",
    "Medenine",
    "Tataouine"
  ],
  "TO": [
    "'Eua",
    "Ha'apai",
    "Niuas",
    "Tongatapu",
    "Vava'u"
  ],
  "TR": [
    "Adana",
    "Adıyaman",
    "Afyonkarahisar",
    "Ağrı",
    "Amasya",
    "Ankara",
    "Antalya",
    "Artvin",
    "Aydın",
    "Balıkesir",
    "Bilecik",
    "Bingöl",
    "Bitlis",
    "Bolu",
    "Burdur",
    "Bursa",
    "Çanakkale",
    "Çankırı",
    "Çorum",
    "Denizli",
    "Diyarbakır",
    "Edirne",
    "Elazığ",
    "Erzincan",
    "Erzurum",
    "Eskişehir",
    "Gaziantep",
    "Giresun",
    "Gümüşhane",
    "Hakkâri",
    "Hatay",
    "Isparta",
    "Mersin",
    "İstanbul",
    "İzmir",
    "Kars",
    "Kastamonu",
    "Kayseri",
    "Kırklareli",
    "Kırşehir",
    "Kocaeli",
    "Konya",
    "Kütahya",
    "Malatya",
    "Manisa",
    "Kahramanmaraş",
    "Mardin",
    "Muğla",
    "Muş",
    "Nevşehir",
    "Niğde",
    "Ordu",
    "Rize",
    "Sakarya",
    "Samsun",
    "Siirt",
    "Sinop",
    "Sivas",
    "Tekirdağ",
    "Tokat",
    "Trabzon",
    "Tunceli",
    "Şanlıurfa",
    "Uşak",
    "Van",
    "Yozgat",
    "Zonguldak",
    "Aksaray",
    "Bayburt",
    "Karaman",
    "Kırıkkale",
    "Batman",
    "Şırnak",
    "Bartın",
    "Ardahan",
    "Iğdır",
    "Yalova",
    "Karabük",
    "Kilis",
    "Osmaniye",
    "Düzce"
  ],
  "TT": [
    "Arima",
    "Chaguanas",
    "Couva-Tabaquite-Talparo",
    "Diego Martin",
    "Eastern Tobago",
    "Penal-Debe",
    "Port of Spain",
    "Princes Town",
    "Point Fortin",
    "Rio Claro-Mayaro",
    "San Fernando",
    "Sangre Grande",
    "Siparia",
    "San Juan-Laventille",
    "Tunapuna-Piarco",
    "Western Tobago"
  ],
  "TV": [
    "Funafuti",
    "Niutao",
    "Nukufetau",
    "Nukulaelae",
    "Nanumea",
    "Nanumanga",
    "Nui",
    "Vaitupu"
  ],
  "TW": [
    "Changhua",
    "Chiay City",
    "Chiayi",
    "Hsinchu",
    "Hsinchui City",
    "Hualien",
    "Ilan",
    "Keelung City",
    "Kaohsiung City",
    "Kaohsiung",
    "Miaoli",
    "Nantou",
    "Penghu",
    "Pingtung",
    "Taoyuan",
    "Tainan City",
    "Tainan",
    "Taipei City",
    "Taipei",
    "Taitung",
    "Taichung City",
    "Taichung",
    "Yunlin"
  ],
  "TZ": [
    "Arusha",
    "Dar-es-Salaam",
    "Dodoma",
    "Iringa",
    "Kagera",
    "Kaskazini Pemba",
    "Kaskazini Unguja",
    "Kigoma",
    "Kilimanjaro",
    "Kusini Pemba",
    "Kusini Unguja",
    "Lindi",
    "Mara",
    "Mbeya",
    "Mjini Magharibi",
    "Morogoro",
    "Mtwara",
    "Mwanza",
    "Pwani",
    "Rukwa",
    "Ruvuma",
    "Shinyanga",
    "Singida",
    "Tabora",
    "Tanga",
    "Manyara"
  ],
  "UA": [
    "Vinnyts'ka Oblast'",
    "Volyns'ka Oblast'",
    "Luhans'ka Oblast'",
    "Dnipropetrovs'ka Oblast'",
    "Donets'ka Oblast'",
    "Zhytomyrs'ka Oblast'",
    "Zakarpats'ka Oblast'",
    "Zaporiz'ka Oblast'",
    "Ivano-Frankivs'ka Oblast'",
    "Kyïvs'ka mis'ka rada",
    "Kyïvs'ka Oblast'",
    "Kirovohrads'ka Oblast'",
    "Sevastopol",
    "Respublika Krym",
    "L'vivs'ka Oblast'",
    "Mykolaïvs'ka Oblast'",
    "Odes'ka Oblast'",
    "Poltavs'ka Oblast'",
    "Rivnens'ka Oblast'",
    "Sums 'ka Oblast'",
    "Ternopil's'ka Oblast'",
    "Kharkivs'ka Oblast'",
    "Khersons'ka Oblast'",
    "Khmel'nyts'ka Oblast'",
    "Cherkas'ka Oblast'",
    "Chernihivs'ka Oblast'",
    "Chernivets'ka Oblast'"
  ],
  "UG": [
    "Kalangala",
    "Kampala",
    "Kiboga",
    "Luwero",
    "Masaka",
    "Mpigi",
    "Mubende",
    "Mukono",
    "Nakasongola",
    "Rakai",
    "Sembabule",
    "Kayunga",
    "Wakiso",
    "Mityana",
    "Nakaseke",
    "Lyantonde",
    "Bugiri",
    "Busia",
    "Iganga",
    "Jinja",
    "Kamuli",
    "Kapchorwa",
    "Katakwi",
    "Kumi",
    "Mbale",
    "Pallisa",
    "Soroti",
    "Tororo",
    "Kaberamaido",
    "Mayuge",
    "Sironko",
    "Amuria",
    "Budaka",
    "Bukwa",
    "Butaleja",
    "Kaliro",
    "Manafwa",
    "Namutumba",
    "Bududa",
    "Bukedea",
    "Adjumani",
    "Apac",
    "Arua",
    "Gulu",
    "Kitgum",
    "Kotido",
    "Lira",
    "Moroto",
    "Moyo",
    "Nebbi",
    "Nakapiripirit",
    "Pader",
    "Yumbe",
    "Amolatar",
    "Kaabong",
    "Koboko",
    "Abim",
    "Dokolo",
    "Amuru",
    "Maracha",
    "Oyam",
    "Bundibugyo",
    "Bushenyi",
    "Hoima",
    "Kabale",
    "Kabarole",
    "Kasese",
    "Kibaale",
    "Kisoro",
    "Masindi",
    "Mbarara",
    "Ntungamo",
    "Rukungiri",
    "Kamwenge",
    "Kanungu",
    "Kyenjojo",
    "Ibanda",
    "Isingiro",
    "Kiruhura",
    "Buliisa",
    "Central",
    "Eastern",
    "Northern",
    "Western"
  ],
  "UM": [
    "Johnston Atoll",
    "Midway Islands",
    "Navassa Island",
    "Wake Island",
    "Baker Island",
    "Howland Island",
    "Jarvis Island",
    "Kingman Reef",
    "Palmyra Atoll"
  ],
  "US": [
    "Alaska",
    "Alabama",
    "Arkansas",
    "American Samoa",
    "Arizona",
    "California",
    "Colorado",
    "Connecticut",
    "District of Columbia",
    "Delaware",
    "Florida",
    "Georgia",
    "Guam",
    "Hawaii",
    "Iowa",
    "Idaho",
    "Illinois",
    "Indiana",
    "Kansas",
    "Kentucky",
    "Louisiana",
    "Massachusetts",
    "Maryland",
    "Maine",
    "Michigan",
    "Minnesota",
    "Missouri",
    "Northern Mariana Islands",
    "Mississippi",
    "Montana",
    "North Carolina",
    "North Dakota",
    "Nebraska",
    "New Hampshire",
    "New Jersey",
    "New Mexico",
    "Nevada",
    "New York",
    "Ohio",
    "Oklahoma",
    "Oregon",
    "Pennsylvania",
    "Puerto Rico",
    "Rhode Island",
    "South Carolina",
    "South Dakota",
    "Tennessee",
    "Texas",
    "United States Minor Outlying Islands",
    "Utah",
    "Virginia",
    "Virgin Islands",
    "Vermont",
    "Washington",
    "Wisconsin",
    "West Virginia",
    "Wyoming"
  ],
  "UY": [
    "Artigas",
    "Canelones",
    "Cerro Largo",
    "Colonia",
    "Durazno",
    "Florida",
    "Flores",
    "Lavalleja",
    "Maldonado",
    "Montevideo",
    "Paysandú",
    "Río Negro",
    "Rocha",
    "Rivera",
    "Salto",
    "San José",
    "Soriano",
    "Tacuarembó",
    "Treinta y Tres"
  ],
  "UZ": [
    "Andijon",
    "Buxoro",
    "Farg'ona",
    "Jizzax",
    "Namangan",
    "Navoiy",
    "Qashqadaryo",
    "Qoraqalpog'iston Respublikasi",
    "Samarqand",
    "Sirdaryo",
    "Surxondaryo",
    "Toshkent",
    "Xorazm"
  ],
  "VC": [
    "Charlotte",
    "Saint Andrew",
    "Saint David",
    "Saint George",
    "Saint Patrick",
    "Grenadines"
  ],
  "VE": [
    "Distrito Federal",
    "Anzoátegui",
    "Apure",
    "Aragua",
    "Barinas",
    "Bolívar",
    "Carabobo",
    "Cojedes",
    "Falcón",
    "Guárico",
    "Lara",
    "Mérida",
    "Miranda",
    "Monagas",
    "Nueva Esparta",
    "Portuguesa",
    "Sucre",
    "Táchira",
    "Trujillo",
    "Yaracuy",
    "Zulia",
    "Dependencias Federales",
    "Vargas",
    "Delta Amacuro",
    "Amazonas"
  ],
  "VN": [
    "Lai Châu",
    "Lào Cai",
    "Hà Giang",
    "Cao Bằng",
    "Sơn La",
    "Yên Bái",
    "Tuyên Quang",
    "Lạng Sơn",
    "Quảng Ninh",
    "Hoà Bình",
    "Hà Tây",
    "Ninh Bình",
    "Thái Bình",
    "Thanh Hóa",
    "Nghệ An",
    "Hà Tỉnh",
    "Quảng Bình",
    "Quảng Trị",
    "Thừa Thiên-Huế",
    "Quảng Nam",
    "Kon Tum",
    "Quảng Ngãi",
    "Gia Lai",
    "Bình Định",
    "Phú Yên",
    "Đắc Lắk",
    "Khánh Hòa",
    "Lâm Đồng",
    "Ninh Thuận",
    "Tây Ninh",
    "Đồng Nai",
    "Bình Thuận",
    "Long An",
    "Bà Rịa-Vũng Tàu",
    "An Giang",
    "Đồng Tháp",
    "Tiền Giang",
    "Kiên Giang",
    "Vĩnh Long",
    "Bến Tre",
    "Trà Vinh",
    "Sóc Trăng",
    "Bắc Kạn",
    "Bắc Giang",
    "Bạc Liêu",
    "Bắc Ninh",
    "Bình Dương",
    "Bình Phước",
    "Cà Mau",
    "Hải Duong",
    "Hà Nam",
    "Hưng Yên",
    "Nam Định",
    "Phú Thọ",
    "Thái Nguyên",
    "Vĩnh Phúc",
    "Điện Biên",
    "Đắk Nông",
    "Hậu Giang",
    "Cần Thơ",
    "Đà Nẵng",
    "Hà Nội",
    "Hải Phòng",
    "Hồ Chí Minh [Sài Gòn]"
  ],
  "VU": [
    "Malampa",
    "Pénama",
    "Sanma",
    "Shéfa",
    "Taféa",
    "Torba"
  ],
  "WS": [
    "A'ana",
    "Aiga-i-le-Tai",
    "Atua",
    "Fa'asaleleaga",
    "Gaga'emauga",
    "Gagaifomauga",
    "Palauli",
    "Satupa'itea",
    "Tuamasaga",
    "Va'a-o-Fonoti",
    "Vaisigano"
  ],
  "YE": [
    "Abyān",
    "'Adan",
    "'Amrān",
    "Al Bayḑā'",
    "Aḑ Ḑāli‘",
    "Dhamār",
    "Ḩaḑramawt",
    "Ḩajjah",
    "Ibb",
    "Al Jawf",
    "Laḩij",
    "Ma'rib",
    "Al Mahrah",
    "Al Ḩudaydah",
    "Al Maḩwīt",
    "Raymah",
    "Şa'dah",
    "Shabwah",
    "Şan'ā'",
    "Tā'izz"
  ],
  "ZA": [
    "Eastern Cape",
    "Free State",
    "Gauteng",
    "Limpopo",
    "Mpumalanga",
    "Northern Cape",
    "Kwazulu-Natal",
    "North-West (South Africa)",
    "Western Cape"
  ],
  "ZM": [
    "Western",
    "Central",
    "Eastern",
    "Luapula",
    "Northern",
    "North-Western",
    "Southern (Zambia)",
    "Copperbelt",
    "Lusaka"
  ],
  "ZW": [
    "Bulawayo",
    "Harare",
    "Manicaland",
    "Mashonaland Central",
    "Mashonaland East",
    "Midlands",
    "Matabeleland North",
    "Matabeleland South",
    "Masvingo",
    "Mashonaland West"
  ]
}